<ImportExportXml xmlns:xsi="http://www.w3.org/2001/XMLSchema-instance" OrganizationVersion="9.2.25123.155" OrganizationSchemaType="Standard" CRMServerServiceabilityVersion="9.2.25123.00155">
  <Entities></Entities>
  <Roles></Roles>
  <Workflows>
    <Workflow WorkflowId="{1f1ceb32-44f4-f011-8406-002248ef07af}" Name="getTeamMember">
      <JsonFileName>/Workflows/getTeamMember-1F1CEB32-44F4-F011-8406-002248EF07AF.json</JsonFileName>
      <Type>1</Type>
      <Subprocess>0</Subprocess>
      <Category>5</Category>
      <Mode>0</Mode>
      <Scope>4</Scope>
      <OnDemand>0</OnDemand>
      <TriggerOnCreate>0</TriggerOnCreate>
      <TriggerOnDelete>0</TriggerOnDelete>
      <AsyncAutodelete>0</AsyncAutodelete>
      <SyncWorkflowLogOnFailure>0</SyncWorkflowLogOnFailure>
      <StateCode>1</StateCode>
      <StatusCode>2</StatusCode>
      <RunAs>1</RunAs>
      <IsTransacted>1</IsTransacted>
      <IntroducedVersion>1.0.0.0</IntroducedVersion>
      <IsCustomizable>1</IsCustomizable>
      <BusinessProcessType>0</BusinessProcessType>
      <IsCustomProcessingStepAllowedForOtherPublishers>1</IsCustomProcessingStepAllowedForOtherPublishers>
      <ModernFlowType>0</ModernFlowType>
      <PrimaryEntity>none</PrimaryEntity>
      <LocalizedNames>
        <LocalizedName languagecode="1041" description="getTeamMember" />
      </LocalizedNames>
    </Workflow>
    <Workflow WorkflowId="{201ceb32-44f4-f011-8406-002248ef07af}" Name="getTeamOwner">
      <JsonFileName>/Workflows/getTeamOwner-201CEB32-44F4-F011-8406-002248EF07AF.json</JsonFileName>
      <Type>1</Type>
      <Subprocess>0</Subprocess>
      <Category>5</Category>
      <Mode>0</Mode>
      <Scope>4</Scope>
      <OnDemand>0</OnDemand>
      <TriggerOnCreate>0</TriggerOnCreate>
      <TriggerOnDelete>0</TriggerOnDelete>
      <AsyncAutodelete>0</AsyncAutodelete>
      <SyncWorkflowLogOnFailure>0</SyncWorkflowLogOnFailure>
      <StateCode>1</StateCode>
      <StatusCode>2</StatusCode>
      <RunAs>1</RunAs>
      <IsTransacted>1</IsTransacted>
      <IntroducedVersion>1.0.0.0</IntroducedVersion>
      <IsCustomizable>1</IsCustomizable>
      <BusinessProcessType>0</BusinessProcessType>
      <IsCustomProcessingStepAllowedForOtherPublishers>1</IsCustomProcessingStepAllowedForOtherPublishers>
      <ModernFlowType>0</ModernFlowType>
      <PrimaryEntity>none</PrimaryEntity>
      <LocalizedNames>
        <LocalizedName languagecode="1041" description="getTeamOwner" />
      </LocalizedNames>
    </Workflow>
    <Workflow WorkflowId="{211ceb32-44f4-f011-8406-002248ef07af}" Name="ExportCsv_TeamsMember">
      <JsonFileName>/Workflows/ExportCsv_TeamsMember-211CEB32-44F4-F011-8406-002248EF07AF.json</JsonFileName>
      <Type>1</Type>
      <Subprocess>0</Subprocess>
      <Category>5</Category>
      <Mode>0</Mode>
      <Scope>4</Scope>
      <OnDemand>0</OnDemand>
      <TriggerOnCreate>0</TriggerOnCreate>
      <TriggerOnDelete>0</TriggerOnDelete>
      <AsyncAutodelete>0</AsyncAutodelete>
      <SyncWorkflowLogOnFailure>0</SyncWorkflowLogOnFailure>
      <StateCode>1</StateCode>
      <StatusCode>2</StatusCode>
      <RunAs>1</RunAs>
      <IsTransacted>1</IsTransacted>
      <IntroducedVersion>1.0.0.0</IntroducedVersion>
      <IsCustomizable>1</IsCustomizable>
      <BusinessProcessType>0</BusinessProcessType>
      <IsCustomProcessingStepAllowedForOtherPublishers>1</IsCustomProcessingStepAllowedForOtherPublishers>
      <ModernFlowType>0</ModernFlowType>
      <PrimaryEntity>none</PrimaryEntity>
      <LocalizedNames>
        <LocalizedName languagecode="1041" description="ExportCsv_TeamsMember" />
      </LocalizedNames>
    </Workflow>
    <Workflow WorkflowId="{221ceb32-44f4-f011-8406-002248ef07af}" Name="ExportCsv_Channel">
      <JsonFileName>/Workflows/ExportCsv_Channel-221CEB32-44F4-F011-8406-002248EF07AF.json</JsonFileName>
      <Type>1</Type>
      <Subprocess>0</Subprocess>
      <Category>5</Category>
      <Mode>0</Mode>
      <Scope>4</Scope>
      <OnDemand>0</OnDemand>
      <TriggerOnCreate>0</TriggerOnCreate>
      <TriggerOnDelete>0</TriggerOnDelete>
      <AsyncAutodelete>0</AsyncAutodelete>
      <SyncWorkflowLogOnFailure>0</SyncWorkflowLogOnFailure>
      <StateCode>1</StateCode>
      <StatusCode>2</StatusCode>
      <RunAs>1</RunAs>
      <IsTransacted>1</IsTransacted>
      <IntroducedVersion>1.0.0.0</IntroducedVersion>
      <IsCustomizable>1</IsCustomizable>
      <BusinessProcessType>0</BusinessProcessType>
      <IsCustomProcessingStepAllowedForOtherPublishers>1</IsCustomProcessingStepAllowedForOtherPublishers>
      <ModernFlowType>0</ModernFlowType>
      <PrimaryEntity>none</PrimaryEntity>
      <LocalizedNames>
        <LocalizedName languagecode="1041" description="ExportCsv_Channel" />
      </LocalizedNames>
    </Workflow>
    <Workflow WorkflowId="{531ceb32-44f4-f011-8406-002248ef07af}" Name="Teams取得-概要">
      <JsonFileName>/Workflows/Teams--531CEB32-44F4-F011-8406-002248EF07AF.json</JsonFileName>
      <Type>1</Type>
      <Subprocess>0</Subprocess>
      <Category>5</Category>
      <Mode>0</Mode>
      <Scope>4</Scope>
      <OnDemand>0</OnDemand>
      <TriggerOnCreate>0</TriggerOnCreate>
      <TriggerOnDelete>0</TriggerOnDelete>
      <AsyncAutodelete>0</AsyncAutodelete>
      <SyncWorkflowLogOnFailure>0</SyncWorkflowLogOnFailure>
      <StateCode>1</StateCode>
      <StatusCode>2</StatusCode>
      <RunAs>1</RunAs>
      <IsTransacted>1</IsTransacted>
      <IntroducedVersion>1.0.0.0</IntroducedVersion>
      <IsCustomizable>1</IsCustomizable>
      <BusinessProcessType>0</BusinessProcessType>
      <IsCustomProcessingStepAllowedForOtherPublishers>1</IsCustomProcessingStepAllowedForOtherPublishers>
      <ModernFlowType>0</ModernFlowType>
      <PrimaryEntity>none</PrimaryEntity>
      <LocalizedNames>
        <LocalizedName languagecode="1041" description="Teams取得-概要" />
      </LocalizedNames>
    </Workflow>
  </Workflows>
  <FieldSecurityProfiles></FieldSecurityProfiles>
  <Templates />
  <EntityMaps />
  <EntityRelationships />
  <OrganizationSettings />
  <optionsets />
  <CustomControls />
  <EntityDataProviders />
  <CanvasApps>
    <CanvasApp>
      <Name>new_teams001_a65ab</Name>
      <AppVersion>2026-01-18T08:39:17Z</AppVersion>
      <Status>Ready</Status>
      <CreatedByClientVersion>3.26011.4.0</CreatedByClientVersion>
      <MinClientVersion>3.26011.4.0</MinClientVersion>
      <Tags>{"primaryDeviceWidth":"1366","primaryDeviceHeight":"768","supportsPortrait":"true","supportsLandscape":"true","primaryFormFactor":"Tablet","showStatusBar":"false","publisherVersion":"3.26011.4","minimumRequiredApiVersion":"2.2.0","hasComponent":"false","hasUnlockedComponent":"false","isUnifiedRootApp":"false","sienaVersion":"20260118T080513Z-3.26011.4.0"}</Tags>
      <IsCdsUpgraded>0</IsCdsUpgraded>
      <GalleryItemId xsi:nil="true"></GalleryItemId>
      <BackgroundColor>RGBA(0,176,240,1)</BackgroundColor>
      <DisplayName>Teams管理アプリ_001</DisplayName>
      <Description xsi:nil="true"></Description>
      <CommitMessage xsi:nil="true"></CommitMessage>
      <Publisher xsi:nil="true"></Publisher>
      <AuthorizationReferences>[]</AuthorizationReferences>
      <ConnectionReferences>{"40be6cee-05b0-4d74-837a-776b3673fbdc":{"id":"/providers/microsoft.powerapps/apis/shared_teams","displayName":"Microsoft Teams","iconUri":"https://conn-afd-prod-endpoint-bmc9bqahasf3grgk.b01.azurefd.net/releases/v1.0.1787/1.0.1787.4513/teams/icon.png","dataSources":["MicrosoftTeams"],"dependencies":[],"dependents":["8bcff120-c417-416a-940c-7824c7a2d44a"],"parameterHints":{},"parameterHintsV2":{},"isOnPremiseConnection":false,"bypassConsent":false,"dataSets":{},"apiTier":"Standard","actions":["GetAllChannelsForTeam","GetTags"]},"8bcff120-c417-416a-940c-7824c7a2d44a":{"id":"/providers/microsoft.powerapps/apis/shared_logicflows","displayName":"ロジック フロー","iconUri":"https://conn-afd-prod-endpoint-bmc9bqahasf3grgk.b01.azurefd.net/v1.0.1766/1.0.1766.4330/logicflows/icon.png","dataSources":["Teams取得-概要"],"dependencies":["40be6cee-05b0-4d74-837a-776b3673fbdc"],"dependents":[],"parameterHints":{"workflowName":{"value":"4c9ae3c7-dc2a-4b8b-913e-a31e0e647aae"},"workflowEntityId":{},"workflowDisplayName":{"value":"Teams取得-概要"},"40be6cee-05b0-4d74-837a-776b3673fbdc":{"value":"shared_teams"}},"parameterHintsV2":{"workflowName":{"value":"4c9ae3c7-dc2a-4b8b-913e-a31e0e647aae"},"workflowEntityId":{},"workflowDisplayName":{"value":"Teams取得-概要"},"shared_teams":{"value":"40be6cee-05b0-4d74-837a-776b3673fbdc"}},"isOnPremiseConnection":false,"bypassConsent":false,"dataSets":{},"apiTier":"Standard","actions":["Run"]},"6b8cbad5-28db-41c1-b6c7-562e306c2e80":{"id":"/providers/microsoft.powerapps/apis/shared_office365groups","displayName":"Office 365 グループ","iconUri":"https://conn-afd-prod-endpoint-bmc9bqahasf3grgk.b01.azurefd.net/releases/v1.0.1777/1.0.1777.4410/office365groups/icon.png","dataSources":["Office365グループ"],"dependencies":[],"dependents":["19369e84-1826-4aa8-bd11-655fb5fbdcdb","b909542a-96b3-4642-ad9e-1ad341eac417"],"parameterHints":{},"parameterHintsV2":{},"isOnPremiseConnection":false,"bypassConsent":false,"dataSets":{},"apiTier":"Standard"},"19369e84-1826-4aa8-bd11-655fb5fbdcdb":{"id":"/providers/microsoft.powerapps/apis/shared_logicflows","displayName":"ロジック フロー","iconUri":"https://conn-afd-prod-endpoint-bmc9bqahasf3grgk.b01.azurefd.net/v1.0.1766/1.0.1766.4330/logicflows/icon.png","dataSources":["getTeamMember"],"dependencies":["6b8cbad5-28db-41c1-b6c7-562e306c2e80"],"dependents":[],"parameterHints":{"workflowName":{"value":"0de4659f-3c72-438e-841b-ae0de00ec9fd"},"workflowEntityId":{},"workflowDisplayName":{"value":"getTeamMember"},"6b8cbad5-28db-41c1-b6c7-562e306c2e80":{"value":"shared_office365groups-1"}},"parameterHintsV2":{"workflowName":{"value":"0de4659f-3c72-438e-841b-ae0de00ec9fd"},"workflowEntityId":{},"workflowDisplayName":{"value":"getTeamMember"},"shared_office365groups-1":{"value":"6b8cbad5-28db-41c1-b6c7-562e306c2e80"}},"isOnPremiseConnection":false,"bypassConsent":false,"dataSets":{},"apiTier":"Standard","actions":["Run"]},"b909542a-96b3-4642-ad9e-1ad341eac417":{"id":"/providers/microsoft.powerapps/apis/shared_logicflows","displayName":"ロジック フロー","iconUri":"https://conn-afd-prod-endpoint-bmc9bqahasf3grgk.b01.azurefd.net/v1.0.1766/1.0.1766.4330/logicflows/icon.png","dataSources":["getTeamOwner"],"dependencies":["6b8cbad5-28db-41c1-b6c7-562e306c2e80"],"dependents":[],"parameterHints":{"workflowName":{"value":"bc1f8a62-0704-4027-84a7-bdb400b52afa"},"workflowEntityId":{},"workflowDisplayName":{"value":"getTeamOwner"},"6b8cbad5-28db-41c1-b6c7-562e306c2e80":{"value":"shared_office365groups"}},"parameterHintsV2":{"workflowName":{"value":"bc1f8a62-0704-4027-84a7-bdb400b52afa"},"workflowEntityId":{},"workflowDisplayName":{"value":"getTeamOwner"},"shared_office365groups":{"value":"6b8cbad5-28db-41c1-b6c7-562e306c2e80"}},"isOnPremiseConnection":false,"bypassConsent":false,"dataSets":{},"apiTier":"Standard","actions":["Run"]},"ec7ed847-3364-470c-a098-26595d578622":{"id":"/providers/microsoft.powerapps/apis/shared_logicflows","displayName":"ロジック フロー","iconUri":"https://conn-afd-prod-endpoint-bmc9bqahasf3grgk.b01.azurefd.net/v1.0.1766/1.0.1766.4330/logicflows/icon.png","dataSources":["ExportCsv_Channel"],"dependencies":["ff01374e-09be-4bdc-8aed-72d07d3d89e9"],"dependents":[],"parameterHints":{"workflowName":{"value":"ec5da9c3-8195-4bdb-a382-1454a9c80560"},"workflowEntityId":{},"workflowDisplayName":{"value":"ExportCsv_Channel"},"ff01374e-09be-4bdc-8aed-72d07d3d89e9":{"value":"shared_onedriveforbusiness"}},"parameterHintsV2":{"workflowName":{"value":"ec5da9c3-8195-4bdb-a382-1454a9c80560"},"workflowEntityId":{},"workflowDisplayName":{"value":"ExportCsv_Channel"},"shared_onedriveforbusiness":{"value":"ff01374e-09be-4bdc-8aed-72d07d3d89e9"}},"isOnPremiseConnection":false,"bypassConsent":false,"dataSets":{},"apiTier":"Standard","actions":["Run"]},"ff01374e-09be-4bdc-8aed-72d07d3d89e9":{"id":"/providers/microsoft.powerapps/apis/shared_onedriveforbusiness","displayName":"OneDrive for Business","iconUri":"https://conn-afd-prod-endpoint-bmc9bqahasf3grgk.b01.azurefd.net/v1.0.1775/1.0.1775.4393/onedriveforbusiness/icon.png","dataSources":[],"dependencies":[],"dependents":["ec7ed847-3364-470c-a098-26595d578622","c7c00421-14ae-4281-b181-3532a7483c74"],"parameterHints":{},"parameterHintsV2":{},"isOnPremiseConnection":false,"bypassConsent":false,"dataSets":{},"apiTier":"Standard"},"c7c00421-14ae-4281-b181-3532a7483c74":{"id":"/providers/microsoft.powerapps/apis/shared_logicflows","displayName":"ロジック フロー","iconUri":"https://conn-afd-prod-endpoint-bmc9bqahasf3grgk.b01.azurefd.net/v1.0.1766/1.0.1766.4330/logicflows/icon.png","dataSources":["ExportCsv_TeamsMember"],"dependencies":["ff01374e-09be-4bdc-8aed-72d07d3d89e9"],"dependents":[],"parameterHints":{"workflowName":{"value":"6a03f510-11c6-4c18-b805-fdc0ede26be2"},"workflowEntityId":{},"workflowDisplayName":{"value":"ExportCsv_TeamsMember"},"ff01374e-09be-4bdc-8aed-72d07d3d89e9":{"value":"shared_onedriveforbusiness"}},"parameterHintsV2":{"workflowName":{"value":"6a03f510-11c6-4c18-b805-fdc0ede26be2"},"workflowEntityId":{},"workflowDisplayName":{"value":"ExportCsv_TeamsMember"},"shared_onedriveforbusiness":{"value":"ff01374e-09be-4bdc-8aed-72d07d3d89e9"}},"isOnPremiseConnection":false,"bypassConsent":false,"dataSets":{},"apiTier":"Standard","actions":["Run"]}}</ConnectionReferences>
      <DatabaseReferences>{}</DatabaseReferences>
      <AppComponents>[]</AppComponents>
      <AppComponentDependencies>[]</AppComponentDependencies>
      <CanConsumeAppPass>1</CanConsumeAppPass>
      <CanvasAppType>0</CanvasAppType>
      <BypassConsent>0</BypassConsent>
      <AdminControlBypassConsent>0</AdminControlBypassConsent>
      <EmbeddedApp xsi:nil="true"></EmbeddedApp>
      <IntroducedVersion>1.0</IntroducedVersion>
      <CdsDependencies>{"cdsdependencies":[]}</CdsDependencies>
      <IsCustomizable>1</IsCustomizable>
      <BackgroundImageUri>/CanvasApps/new_teams001_a65ab_BackgroundImageUri</BackgroundImageUri>
      <DocumentUri>/CanvasApps/new_teams001_a65ab_DocumentUri.msapp</DocumentUri>
      <AdditionalUris>
        <AdditionalUri>/CanvasApps/new_teams001_a65ab_AdditionalUris0_identity.json</AdditionalUri>
      </AdditionalUris>
    </CanvasApp>
  </CanvasApps>
  <connectionreferences>
    <connectionreference connectionreferencelogicalname="new_sharedoffice365groups_f1654">
      <connectionreferencedisplayname>Office 365 グループ TeamsTool-f1654</connectionreferencedisplayname>
      <connectorid>/providers/Microsoft.PowerApps/apis/shared_office365groups</connectorid>
      <iscustomizable>1</iscustomizable>
      <promptingbehavior>0</promptingbehavior>
      <statecode>0</statecode>
      <statuscode>1</statuscode>
    </connectionreference>
    <connectionreference connectionreferencelogicalname="new_sharedonedriveforbusiness_5e306">
      <connectionreferencedisplayname>OneDrive for Business TeamsTool-5e306</connectionreferencedisplayname>
      <connectorid>/providers/Microsoft.PowerApps/apis/shared_onedriveforbusiness</connectorid>
      <iscustomizable>1</iscustomizable>
      <promptingbehavior>0</promptingbehavior>
      <statecode>0</statecode>
      <statuscode>1</statuscode>
    </connectionreference>
    <connectionreference connectionreferencelogicalname="new_sharedteams_215ec">
      <connectionreferencedisplayname>Microsoft Teams TeamsTool-215ec</connectionreferencedisplayname>
      <connectorid>/providers/Microsoft.PowerApps/apis/shared_teams</connectorid>
      <iscustomizable>1</iscustomizable>
      <promptingbehavior>0</promptingbehavior>
      <statecode>0</statecode>
      <statuscode>1</statuscode>
    </connectionreference>
  </connectionreferences>
  <Languages>
    <Language>1041</Language>
  </Languages>
</ImportExportXml>