<ImportExportXml xmlns:xsi="http://www.w3.org/2001/XMLSchema-instance" OrganizationVersion="9.2.25114.182" OrganizationSchemaType="Standard" CRMServerServiceabilityVersion="9.2.25114.00182">
  <Entities></Entities>
  <Roles></Roles>
  <Workflows>
    <Workflow WorkflowId="{0e197a41-b98b-f011-b4cb-000d3a408a61}" Name="SharePointリスト一覧取得">
      <JsonFileName>/Workflows/SharePoint-0E197A41-B98B-F011-B4CB-000D3A408A61.json</JsonFileName>
      <Type>1</Type>
      <Subprocess>0</Subprocess>
      <Category>5</Category>
      <Mode>0</Mode>
      <Scope>4</Scope>
      <OnDemand>0</OnDemand>
      <TriggerOnCreate>0</TriggerOnCreate>
      <TriggerOnDelete>0</TriggerOnDelete>
      <AsyncAutodelete>0</AsyncAutodelete>
      <SyncWorkflowLogOnFailure>0</SyncWorkflowLogOnFailure>
      <StateCode>1</StateCode>
      <StatusCode>2</StatusCode>
      <RunAs>1</RunAs>
      <IsTransacted>1</IsTransacted>
      <IntroducedVersion>1.0</IntroducedVersion>
      <IsCustomizable>1</IsCustomizable>
      <BusinessProcessType>0</BusinessProcessType>
      <IsCustomProcessingStepAllowedForOtherPublishers>1</IsCustomProcessingStepAllowedForOtherPublishers>
      <BillingContext>[{"id":"new_sharepoint001_86b46","type":"UnifiedApp","metadata":{"displayName":"SharePointリスト表示・非表示アプリ_001"}}]</BillingContext>
      <ModernFlowType>0</ModernFlowType>
      <PrimaryEntity>none</PrimaryEntity>
      <LocalizedNames>
        <LocalizedName languagecode="1041" description="SharePointリスト一覧取得" />
      </LocalizedNames>
    </Workflow>
    <Workflow WorkflowId="{ffa51b81-cd8b-f011-b4cb-000d3a408a61}" Name="SharePointリスト更新">
      <JsonFileName>/Workflows/SharePoint-FFA51B81-CD8B-F011-B4CB-000D3A408A61.json</JsonFileName>
      <Type>1</Type>
      <Subprocess>0</Subprocess>
      <Category>5</Category>
      <Mode>0</Mode>
      <Scope>4</Scope>
      <OnDemand>0</OnDemand>
      <TriggerOnCreate>0</TriggerOnCreate>
      <TriggerOnDelete>0</TriggerOnDelete>
      <AsyncAutodelete>0</AsyncAutodelete>
      <SyncWorkflowLogOnFailure>0</SyncWorkflowLogOnFailure>
      <StateCode>1</StateCode>
      <StatusCode>2</StatusCode>
      <RunAs>1</RunAs>
      <IsTransacted>1</IsTransacted>
      <IntroducedVersion>1.0</IntroducedVersion>
      <IsCustomizable>1</IsCustomizable>
      <BusinessProcessType>0</BusinessProcessType>
      <IsCustomProcessingStepAllowedForOtherPublishers>1</IsCustomProcessingStepAllowedForOtherPublishers>
      <BillingContext>[{"id":"new_sharepoint001_86b46","type":"UnifiedApp","metadata":{"displayName":"SharePointリスト表示・非表示アプリ_001"}}]</BillingContext>
      <ModernFlowType>0</ModernFlowType>
      <PrimaryEntity>none</PrimaryEntity>
      <LocalizedNames>
        <LocalizedName languagecode="1041" description="SharePointリスト更新" />
      </LocalizedNames>
    </Workflow>
    <Workflow WorkflowId="{b2a29e4c-2aea-f011-8406-000d3acee06c}" Name="ExportCsv">
      <JsonFileName>/Workflows/ExportCsv-B2A29E4C-2AEA-F011-8406-000D3ACEE06C.json</JsonFileName>
      <Type>1</Type>
      <Subprocess>0</Subprocess>
      <Category>5</Category>
      <Mode>0</Mode>
      <Scope>4</Scope>
      <OnDemand>0</OnDemand>
      <TriggerOnCreate>0</TriggerOnCreate>
      <TriggerOnDelete>0</TriggerOnDelete>
      <AsyncAutodelete>0</AsyncAutodelete>
      <SyncWorkflowLogOnFailure>0</SyncWorkflowLogOnFailure>
      <StateCode>1</StateCode>
      <StatusCode>2</StatusCode>
      <RunAs>1</RunAs>
      <IsTransacted>1</IsTransacted>
      <IntroducedVersion>1.0.0.0</IntroducedVersion>
      <IsCustomizable>1</IsCustomizable>
      <BusinessProcessType>0</BusinessProcessType>
      <IsCustomProcessingStepAllowedForOtherPublishers>1</IsCustomProcessingStepAllowedForOtherPublishers>
      <ModernFlowType>0</ModernFlowType>
      <PrimaryEntity>none</PrimaryEntity>
      <LocalizedNames>
        <LocalizedName languagecode="1041" description="ExportCsv" />
      </LocalizedNames>
    </Workflow>
    <Workflow WorkflowId="{ebc929e5-7fcb-f011-8544-6045bd534460}" Name="SharePointリストのプロパティ取得">
      <JsonFileName>/Workflows/SharePoint-EBC929E5-7FCB-F011-8544-6045BD534460.json</JsonFileName>
      <Type>1</Type>
      <Subprocess>0</Subprocess>
      <Category>5</Category>
      <Mode>0</Mode>
      <Scope>4</Scope>
      <OnDemand>0</OnDemand>
      <TriggerOnCreate>0</TriggerOnCreate>
      <TriggerOnDelete>0</TriggerOnDelete>
      <AsyncAutodelete>0</AsyncAutodelete>
      <SyncWorkflowLogOnFailure>0</SyncWorkflowLogOnFailure>
      <StateCode>1</StateCode>
      <StatusCode>2</StatusCode>
      <RunAs>1</RunAs>
      <IsTransacted>1</IsTransacted>
      <IntroducedVersion>1.0</IntroducedVersion>
      <IsCustomizable>1</IsCustomizable>
      <BusinessProcessType>0</BusinessProcessType>
      <IsCustomProcessingStepAllowedForOtherPublishers>1</IsCustomProcessingStepAllowedForOtherPublishers>
      <ModernFlowType>0</ModernFlowType>
      <PrimaryEntity>none</PrimaryEntity>
      <LocalizedNames>
        <LocalizedName languagecode="1041" description="SharePointリストのプロパティ取得" />
      </LocalizedNames>
    </Workflow>
  </Workflows>
  <FieldSecurityProfiles></FieldSecurityProfiles>
  <Templates />
  <EntityMaps />
  <EntityRelationships />
  <OrganizationSettings />
  <optionsets />
  <CustomControls />
  <EntityDataProviders />
  <CanvasApps>
    <CanvasApp>
      <Name>new_sharepoint001_86b46</Name>
      <AppVersion>2026-01-05T12:07:17Z</AppVersion>
      <Status>Ready</Status>
      <CreatedByClientVersion>3.25122.8.0</CreatedByClientVersion>
      <MinClientVersion>3.25122.8.0</MinClientVersion>
      <Tags>{"primaryDeviceWidth":"1366","primaryDeviceHeight":"768","supportsPortrait":"true","supportsLandscape":"true","primaryFormFactor":"Tablet","showStatusBar":"false","publisherVersion":"3.25122.8","minimumRequiredApiVersion":"2.2.0","hasComponent":"false","hasUnlockedComponent":"false","isUnifiedRootApp":"false","sienaVersion":"20260105T120011Z-3.25122.8.0"}</Tags>
      <IsCdsUpgraded>0</IsCdsUpgraded>
      <GalleryItemId xsi:nil="true"></GalleryItemId>
      <BackgroundColor>RGBA(0,176,240,1)</BackgroundColor>
      <DisplayName>SharePointリスト表示・非表示アプリ_001</DisplayName>
      <Description xsi:nil="true"></Description>
      <CommitMessage xsi:nil="true"></CommitMessage>
      <Publisher></Publisher>
      <AuthorizationReferences>[]</AuthorizationReferences>
      <ConnectionReferences>{"4dc9f418-fa5a-4996-8557-11ce84a792ea":{"id":"/providers/microsoft.powerapps/apis/shared_sharepointonline","displayName":"SharePoint","iconUri":"https://conn-afd-prod-endpoint-bmc9bqahasf3grgk.b01.azurefd.net/v1.0.1769/1.0.1769.4352/sharepointonline/icon.png","dataSources":[],"dependencies":[],"dependents":["128acaef-008c-4c92-84e3-ad3c986fbab8","7086c3cf-f556-4151-8b23-f5577d514591","48fcf4bf-45ba-459d-bf13-4bb9cd3d9b85"],"parameterHints":{},"parameterHintsV2":{},"isOnPremiseConnection":false,"bypassConsent":false,"dataSets":{},"apiTier":"Standard"},"128acaef-008c-4c92-84e3-ad3c986fbab8":{"id":"/providers/microsoft.powerapps/apis/shared_logicflows","displayName":"ロジック フロー","iconUri":"https://conn-afd-prod-endpoint-bmc9bqahasf3grgk.b01.azurefd.net/v1.0.1766/1.0.1766.4330/logicflows/icon.png","dataSources":["SharePointリスト一覧取得"],"dependencies":["4dc9f418-fa5a-4996-8557-11ce84a792ea"],"dependents":[],"parameterHints":{"workflowName":{"value":"2743bade-b45e-4e34-8ffb-1036e3d13ab6"},"workflowEntityId":{"value":"0e197a41-b98b-f011-b4cb-000d3a408a61"},"workflowDisplayName":{"value":"SharePointリスト一覧取得"},"4dc9f418-fa5a-4996-8557-11ce84a792ea":{"value":"shared_sharepointonline"}},"parameterHintsV2":{"workflowName":{"value":"2743bade-b45e-4e34-8ffb-1036e3d13ab6"},"workflowEntityId":{"value":"0e197a41-b98b-f011-b4cb-000d3a408a61"},"workflowDisplayName":{"value":"SharePointリスト一覧取得"},"shared_sharepointonline":{"value":"4dc9f418-fa5a-4996-8557-11ce84a792ea"}},"isOnPremiseConnection":false,"bypassConsent":false,"dataSets":{},"apiTier":"Standard","actions":["Run"]},"7086c3cf-f556-4151-8b23-f5577d514591":{"id":"/providers/microsoft.powerapps/apis/shared_logicflows","displayName":"ロジック フロー","iconUri":"https://conn-afd-prod-endpoint-bmc9bqahasf3grgk.b01.azurefd.net/v1.0.1766/1.0.1766.4330/logicflows/icon.png","dataSources":["SharePointリスト更新"],"dependencies":["4dc9f418-fa5a-4996-8557-11ce84a792ea"],"dependents":[],"parameterHints":{"workflowName":{"value":"ecb322bb-2dda-4ff9-9c77-899aeb9f49a2"},"workflowEntityId":{"value":"ffa51b81-cd8b-f011-b4cb-000d3a408a61"},"workflowDisplayName":{"value":"SharePointリスト更新"},"4dc9f418-fa5a-4996-8557-11ce84a792ea":{"value":"shared_sharepointonline-1"}},"parameterHintsV2":{"workflowName":{"value":"ecb322bb-2dda-4ff9-9c77-899aeb9f49a2"},"workflowEntityId":{"value":"ffa51b81-cd8b-f011-b4cb-000d3a408a61"},"workflowDisplayName":{"value":"SharePointリスト更新"},"shared_sharepointonline-1":{"value":"4dc9f418-fa5a-4996-8557-11ce84a792ea"}},"isOnPremiseConnection":false,"bypassConsent":false,"dataSets":{},"apiTier":"Standard","actions":["Run"]},"48fcf4bf-45ba-459d-bf13-4bb9cd3d9b85":{"id":"/providers/microsoft.powerapps/apis/shared_logicflows","displayName":"ロジック フロー","iconUri":"https://conn-afd-prod-endpoint-bmc9bqahasf3grgk.b01.azurefd.net/v1.0.1766/1.0.1766.4330/logicflows/icon.png","dataSources":["SharePointリストのプロパティ取得"],"dependencies":["4dc9f418-fa5a-4996-8557-11ce84a792ea"],"dependents":[],"parameterHints":{"workflowName":{"value":"883c6c20-67de-4844-9e7f-2f1b8cc7c60e"},"workflowEntityId":{"value":"ebc929e5-7fcb-f011-8544-6045bd534460"},"workflowDisplayName":{"value":"SharePointリストのプロパティ取得"},"4dc9f418-fa5a-4996-8557-11ce84a792ea":{"value":"shared_sharepointonline"}},"parameterHintsV2":{"workflowName":{"value":"883c6c20-67de-4844-9e7f-2f1b8cc7c60e"},"workflowEntityId":{"value":"ebc929e5-7fcb-f011-8544-6045bd534460"},"workflowDisplayName":{"value":"SharePointリストのプロパティ取得"},"shared_sharepointonline":{"value":"4dc9f418-fa5a-4996-8557-11ce84a792ea"}},"isOnPremiseConnection":false,"bypassConsent":false,"dataSets":{},"apiTier":"Standard","actions":["Run"]},"6e79b1cb-969f-421a-91e3-cc63cebefe1a":{"id":"/providers/microsoft.powerapps/apis/shared_logicflows","displayName":"ロジック フロー","iconUri":"https://conn-afd-prod-endpoint-bmc9bqahasf3grgk.b01.azurefd.net/v1.0.1766/1.0.1766.4330/logicflows/icon.png","dataSources":["ExportCsv"],"dependencies":[],"dependents":[],"parameterHints":{"workflowName":{"value":"9e9eb447-936a-487a-ba37-53d1b22cf7a8"},"workflowEntityId":{"value":"b2a29e4c-2aea-f011-8406-000d3acee06c"},"workflowDisplayName":{"value":"ExportCsv"}},"parameterHintsV2":{"workflowName":{"value":"9e9eb447-936a-487a-ba37-53d1b22cf7a8"},"workflowEntityId":{"value":"b2a29e4c-2aea-f011-8406-000d3acee06c"},"workflowDisplayName":{"value":"ExportCsv"}},"isOnPremiseConnection":false,"bypassConsent":false,"dataSets":{},"apiTier":"Standard","actions":["Run"]}}</ConnectionReferences>
      <DatabaseReferences>{}</DatabaseReferences>
      <AppComponents>[]</AppComponents>
      <AppComponentDependencies>[]</AppComponentDependencies>
      <CanConsumeAppPass>1</CanConsumeAppPass>
      <CanvasAppType>0</CanvasAppType>
      <BypassConsent>0</BypassConsent>
      <AdminControlBypassConsent>0</AdminControlBypassConsent>
      <EmbeddedApp xsi:nil="true"></EmbeddedApp>
      <IntroducedVersion>1.0</IntroducedVersion>
      <CdsDependencies>{"cdsdependencies":[{"dependencyid":"0e197a41-b98b-f011-b4cb-000d3a408a61","componenttype":29,"componenttypeplatformname":"Workflow"},{"dependencyid":"ffa51b81-cd8b-f011-b4cb-000d3a408a61","componenttype":29,"componenttypeplatformname":"Workflow"},{"dependencyid":"ebc929e5-7fcb-f011-8544-6045bd534460","componenttype":29,"componenttypeplatformname":"Workflow"},{"dependencyid":"b2a29e4c-2aea-f011-8406-000d3acee06c","componenttype":29,"componenttypeplatformname":"Workflow"}]}</CdsDependencies>
      <IsCustomizable>1</IsCustomizable>
      <BackgroundImageUri>/CanvasApps/new_sharepoint001_86b46_BackgroundImageUri</BackgroundImageUri>
      <DocumentUri>/CanvasApps/new_sharepoint001_86b46_DocumentUri.msapp</DocumentUri>
      <AdditionalUris>
        <AdditionalUri>/CanvasApps/new_sharepoint001_86b46_AdditionalUris0_identity.json</AdditionalUri>
      </AdditionalUris>
    </CanvasApp>
  </CanvasApps>
  <connectionreferences>
    <connectionreference connectionreferencelogicalname="new_sharedonedriveforbusiness_5cfc7">
      <connectionreferencedisplayname>OneDrive for Business Connection</connectionreferencedisplayname>
      <connectorid>/providers/Microsoft.PowerApps/apis/shared_onedriveforbusiness</connectorid>
      <iscustomizable>1</iscustomizable>
      <promptingbehavior>0</promptingbehavior>
      <statecode>0</statecode>
      <statuscode>1</statuscode>
    </connectionreference>
    <connectionreference connectionreferencelogicalname="new_SharePoint">
      <connectionreferencedisplayname>SharePointConnection</connectionreferencedisplayname>
      <connectorid>/providers/Microsoft.PowerApps/apis/shared_sharepointonline</connectorid>
      <iscustomizable>1</iscustomizable>
      <promptingbehavior>0</promptingbehavior>
      <statecode>0</statecode>
      <statuscode>1</statuscode>
    </connectionreference>
  </connectionreferences>
  <Languages>
    <Language>1041</Language>
  </Languages>
</ImportExportXml>