<ImportExportXml xmlns:xsi="http://www.w3.org/2001/XMLSchema-instance" OrganizationVersion="9.2.25123.155" OrganizationSchemaType="Standard" CRMServerServiceabilityVersion="9.2.25123.00155">
  <Entities></Entities>
  <Roles></Roles>
  <Workflows>
    <Workflow WorkflowId="{1f1ceb32-44f4-f011-8406-002248ef07af}" Name="getTeamMember">
      <JsonFileName>/Workflows/getTeamMember-1F1CEB32-44F4-F011-8406-002248EF07AF.json</JsonFileName>
      <Type>1</Type>
      <Subprocess>0</Subprocess>
      <Category>5</Category>
      <Mode>0</Mode>
      <Scope>4</Scope>
      <OnDemand>0</OnDemand>
      <TriggerOnCreate>0</TriggerOnCreate>
      <TriggerOnDelete>0</TriggerOnDelete>
      <AsyncAutodelete>0</AsyncAutodelete>
      <SyncWorkflowLogOnFailure>0</SyncWorkflowLogOnFailure>
      <StateCode>1</StateCode>
      <StatusCode>2</StatusCode>
      <RunAs>1</RunAs>
      <IsTransacted>1</IsTransacted>
      <IntroducedVersion>1.0.0.0</IntroducedVersion>
      <IsCustomizable>1</IsCustomizable>
      <BusinessProcessType>0</BusinessProcessType>
      <IsCustomProcessingStepAllowedForOtherPublishers>1</IsCustomProcessingStepAllowedForOtherPublishers>
      <ModernFlowType>0</ModernFlowType>
      <PrimaryEntity>none</PrimaryEntity>
      <LocalizedNames>
        <LocalizedName languagecode="1041" description="getTeamMember" />
      </LocalizedNames>
    </Workflow>
    <Workflow WorkflowId="{201ceb32-44f4-f011-8406-002248ef07af}" Name="getTeamOwner">
      <JsonFileName>/Workflows/getTeamOwner-201CEB32-44F4-F011-8406-002248EF07AF.json</JsonFileName>
      <Type>1</Type>
      <Subprocess>0</Subprocess>
      <Category>5</Category>
      <Mode>0</Mode>
      <Scope>4</Scope>
      <OnDemand>0</OnDemand>
      <TriggerOnCreate>0</TriggerOnCreate>
      <TriggerOnDelete>0</TriggerOnDelete>
      <AsyncAutodelete>0</AsyncAutodelete>
      <SyncWorkflowLogOnFailure>0</SyncWorkflowLogOnFailure>
      <StateCode>1</StateCode>
      <StatusCode>2</StatusCode>
      <RunAs>1</RunAs>
      <IsTransacted>1</IsTransacted>
      <IntroducedVersion>1.0.0.0</IntroducedVersion>
      <IsCustomizable>1</IsCustomizable>
      <BusinessProcessType>0</BusinessProcessType>
      <IsCustomProcessingStepAllowedForOtherPublishers>1</IsCustomProcessingStepAllowedForOtherPublishers>
      <ModernFlowType>0</ModernFlowType>
      <PrimaryEntity>none</PrimaryEntity>
      <LocalizedNames>
        <LocalizedName languagecode="1041" description="getTeamOwner" />
      </LocalizedNames>
    </Workflow>
    <Workflow WorkflowId="{211ceb32-44f4-f011-8406-002248ef07af}" Name="ExportCsv_TeamsMember">
      <JsonFileName>/Workflows/ExportCsv_TeamsMember-211CEB32-44F4-F011-8406-002248EF07AF.json</JsonFileName>
      <Type>1</Type>
      <Subprocess>0</Subprocess>
      <Category>5</Category>
      <Mode>0</Mode>
      <Scope>4</Scope>
      <OnDemand>0</OnDemand>
      <TriggerOnCreate>0</TriggerOnCreate>
      <TriggerOnDelete>0</TriggerOnDelete>
      <AsyncAutodelete>0</AsyncAutodelete>
      <SyncWorkflowLogOnFailure>0</SyncWorkflowLogOnFailure>
      <StateCode>1</StateCode>
      <StatusCode>2</StatusCode>
      <RunAs>1</RunAs>
      <IsTransacted>1</IsTransacted>
      <IntroducedVersion>1.0.0.0</IntroducedVersion>
      <IsCustomizable>1</IsCustomizable>
      <BusinessProcessType>0</BusinessProcessType>
      <IsCustomProcessingStepAllowedForOtherPublishers>1</IsCustomProcessingStepAllowedForOtherPublishers>
      <ModernFlowType>0</ModernFlowType>
      <PrimaryEntity>none</PrimaryEntity>
      <LocalizedNames>
        <LocalizedName languagecode="1041" description="ExportCsv_TeamsMember" />
      </LocalizedNames>
    </Workflow>
    <Workflow WorkflowId="{221ceb32-44f4-f011-8406-002248ef07af}" Name="ExportCsv_Channel">
      <JsonFileName>/Workflows/ExportCsv_Channel-221CEB32-44F4-F011-8406-002248EF07AF.json</JsonFileName>
      <Type>1</Type>
      <Subprocess>0</Subprocess>
      <Category>5</Category>
      <Mode>0</Mode>
      <Scope>4</Scope>
      <OnDemand>0</OnDemand>
      <TriggerOnCreate>0</TriggerOnCreate>
      <TriggerOnDelete>0</TriggerOnDelete>
      <AsyncAutodelete>0</AsyncAutodelete>
      <SyncWorkflowLogOnFailure>0</SyncWorkflowLogOnFailure>
      <StateCode>1</StateCode>
      <StatusCode>2</StatusCode>
      <RunAs>1</RunAs>
      <IsTransacted>1</IsTransacted>
      <IntroducedVersion>1.0.0.0</IntroducedVersion>
      <IsCustomizable>1</IsCustomizable>
      <BusinessProcessType>0</BusinessProcessType>
      <IsCustomProcessingStepAllowedForOtherPublishers>1</IsCustomProcessingStepAllowedForOtherPublishers>
      <ModernFlowType>0</ModernFlowType>
      <PrimaryEntity>none</PrimaryEntity>
      <LocalizedNames>
        <LocalizedName languagecode="1041" description="ExportCsv_Channel" />
      </LocalizedNames>
    </Workflow>
    <Workflow WorkflowId="{531ceb32-44f4-f011-8406-002248ef07af}" Name="Teams取得-概要">
      <JsonFileName>/Workflows/Teams--531CEB32-44F4-F011-8406-002248EF07AF.json</JsonFileName>
      <Type>1</Type>
      <Subprocess>0</Subprocess>
      <Category>5</Category>
      <Mode>0</Mode>
      <Scope>4</Scope>
      <OnDemand>0</OnDemand>
      <TriggerOnCreate>0</TriggerOnCreate>
      <TriggerOnDelete>0</TriggerOnDelete>
      <AsyncAutodelete>0</AsyncAutodelete>
      <SyncWorkflowLogOnFailure>0</SyncWorkflowLogOnFailure>
      <StateCode>1</StateCode>
      <StatusCode>2</StatusCode>
      <RunAs>1</RunAs>
      <IsTransacted>1</IsTransacted>
      <IntroducedVersion>1.0.0.0</IntroducedVersion>
      <IsCustomizable>1</IsCustomizable>
      <BusinessProcessType>0</BusinessProcessType>
      <IsCustomProcessingStepAllowedForOtherPublishers>1</IsCustomProcessingStepAllowedForOtherPublishers>
      <ModernFlowType>0</ModernFlowType>
      <PrimaryEntity>none</PrimaryEntity>
      <LocalizedNames>
        <LocalizedName languagecode="1041" description="Teams取得-概要" />
      </LocalizedNames>
    </Workflow>
  </Workflows>
  <FieldSecurityProfiles></FieldSecurityProfiles>
  <Templates />
  <EntityMaps />
  <EntityRelationships />
  <OrganizationSettings />
  <optionsets />
  <CustomControls />
  <EntityDataProviders />
  <CanvasApps>
    <CanvasApp>
      <Name>new_teams001_a65ab</Name>
      <AppVersion>2026-01-19T12:14:33Z</AppVersion>
      <Status>Ready</Status>
      <CreatedByClientVersion>3.26011.4.0</CreatedByClientVersion>
      <MinClientVersion>3.26011.4.0</MinClientVersion>
      <Tags>{"primaryDeviceWidth":"1366","primaryDeviceHeight":"768","supportsPortrait":"true","supportsLandscape":"true","primaryFormFactor":"Tablet","showStatusBar":"false","publisherVersion":"3.26011.4","minimumRequiredApiVersion":"2.2.0","hasComponent":"false","hasUnlockedComponent":"false","isUnifiedRootApp":"false","sienaVersion":"20260119T115818Z-3.26011.4.0"}</Tags>
      <IsCdsUpgraded>0</IsCdsUpgraded>
      <GalleryItemId xsi:nil="true"></GalleryItemId>
      <BackgroundColor>RGBA(0,176,240,1)</BackgroundColor>
      <DisplayName>Teams管理アプリ_001</DisplayName>
      <Description xsi:nil="true"></Description>
      <CommitMessage xsi:nil="true"></CommitMessage>
      <Publisher xsi:nil="true"></Publisher>
      <AuthorizationReferences>[]</AuthorizationReferences>
      <ConnectionReferences>{"40be6cee-05b0-4d74-837a-776b3673fbdc":{"id":"/providers/microsoft.powerapps/apis/shared_teams","displayName":"Microsoft Teams","iconUri":"https://conn-afd-prod-endpoint-bmc9bqahasf3grgk.b01.azurefd.net/releases/v1.0.1787/1.0.1787.4513/teams/icon.png","dataSources":["MicrosoftTeams"],"dependencies":[],"dependents":["f723f0d2-d185-451c-9b35-600bac7a7d92"],"parameterHints":{},"parameterHintsV2":{},"isOnPremiseConnection":false,"bypassConsent":false,"dataSets":{},"apiTier":"Standard","actions":["GetAllChannelsForTeam","GetTags"]},"6b8cbad5-28db-41c1-b6c7-562e306c2e80":{"id":"/providers/microsoft.powerapps/apis/shared_office365groups","displayName":"Office 365 グループ","iconUri":"https://conn-afd-prod-endpoint-bmc9bqahasf3grgk.b01.azurefd.net/releases/v1.0.1777/1.0.1777.4410/office365groups/icon.png","dataSources":["Office365グループ"],"dependencies":[],"dependents":["0f5afade-b924-4cab-9794-d3382c603fe1","94a2d3be-3601-4f6a-a80a-f8f094bfbf21"],"parameterHints":{},"parameterHintsV2":{},"isOnPremiseConnection":false,"bypassConsent":false,"dataSets":{},"apiTier":"Standard"},"0f5afade-b924-4cab-9794-d3382c603fe1":{"id":"/providers/microsoft.powerapps/apis/shared_logicflows","displayName":"ロジック フロー","iconUri":"https://conn-afd-prod-endpoint-bmc9bqahasf3grgk.b01.azurefd.net/v1.0.1766/1.0.1766.4330/logicflows/icon.png","dataSources":["getTeamMember"],"dependencies":["6b8cbad5-28db-41c1-b6c7-562e306c2e80"],"dependents":[],"parameterHints":{"workflowName":{"value":"3b3d7282-9282-470e-86de-8fc0b43baaf5"},"workflowEntityId":{"value":"1f1ceb32-44f4-f011-8406-002248ef07af"},"workflowDisplayName":{"value":"getTeamMember"},"6b8cbad5-28db-41c1-b6c7-562e306c2e80":{"value":"shared_office365groups-1"}},"parameterHintsV2":{"workflowName":{"value":"3b3d7282-9282-470e-86de-8fc0b43baaf5"},"workflowEntityId":{"value":"1f1ceb32-44f4-f011-8406-002248ef07af"},"workflowDisplayName":{"value":"getTeamMember"},"shared_office365groups-1":{"value":"6b8cbad5-28db-41c1-b6c7-562e306c2e80"}},"isOnPremiseConnection":false,"bypassConsent":false,"dataSets":{},"apiTier":"Standard","actions":["Run"]},"d27a7df4-e550-43d4-9a63-c056744cad16":{"id":"/providers/microsoft.powerapps/apis/shared_logicflows","displayName":"ロジック フロー","iconUri":"https://conn-afd-prod-endpoint-bmc9bqahasf3grgk.b01.azurefd.net/v1.0.1766/1.0.1766.4330/logicflows/icon.png","dataSources":["ExportCsv_TeamsMember"],"dependencies":["985de4f2-eeaf-427c-ba6c-89c09b2a2d55"],"dependents":[],"parameterHints":{"workflowName":{"value":"6f938bd5-0e0e-48ee-985a-a0aa878a64da"},"workflowEntityId":{"value":"211ceb32-44f4-f011-8406-002248ef07af"},"workflowDisplayName":{"value":"ExportCsv_TeamsMember"},"985de4f2-eeaf-427c-ba6c-89c09b2a2d55":{"value":"shared_onedriveforbusiness"}},"parameterHintsV2":{"workflowName":{"value":"6f938bd5-0e0e-48ee-985a-a0aa878a64da"},"workflowEntityId":{"value":"211ceb32-44f4-f011-8406-002248ef07af"},"workflowDisplayName":{"value":"ExportCsv_TeamsMember"},"shared_onedriveforbusiness":{"value":"985de4f2-eeaf-427c-ba6c-89c09b2a2d55"}},"isOnPremiseConnection":false,"bypassConsent":false,"dataSets":{},"apiTier":"Standard","actions":["Run"]},"985de4f2-eeaf-427c-ba6c-89c09b2a2d55":{"id":"/providers/microsoft.powerapps/apis/shared_onedriveforbusiness","displayName":"OneDrive for Business","iconUri":"https://conn-afd-prod-endpoint-bmc9bqahasf3grgk.b01.azurefd.net/v1.0.1775/1.0.1775.4393/onedriveforbusiness/icon.png","dataSources":[],"dependencies":[],"dependents":["d27a7df4-e550-43d4-9a63-c056744cad16","5cc43e23-eba4-48bc-ac33-4decaa24dc3b"],"parameterHints":{},"parameterHintsV2":{},"isOnPremiseConnection":false,"bypassConsent":false,"dataSets":{},"apiTier":"Standard"},"5cc43e23-eba4-48bc-ac33-4decaa24dc3b":{"id":"/providers/microsoft.powerapps/apis/shared_logicflows","displayName":"ロジック フロー","iconUri":"https://conn-afd-prod-endpoint-bmc9bqahasf3grgk.b01.azurefd.net/v1.0.1766/1.0.1766.4330/logicflows/icon.png","dataSources":["ExportCsv_Channel"],"dependencies":["985de4f2-eeaf-427c-ba6c-89c09b2a2d55"],"dependents":[],"parameterHints":{"workflowName":{"value":"b217043c-2ec9-4c00-af6a-13821ed37868"},"workflowEntityId":{"value":"221ceb32-44f4-f011-8406-002248ef07af"},"workflowDisplayName":{"value":"ExportCsv_Channel"},"985de4f2-eeaf-427c-ba6c-89c09b2a2d55":{"value":"shared_onedriveforbusiness"}},"parameterHintsV2":{"workflowName":{"value":"b217043c-2ec9-4c00-af6a-13821ed37868"},"workflowEntityId":{"value":"221ceb32-44f4-f011-8406-002248ef07af"},"workflowDisplayName":{"value":"ExportCsv_Channel"},"shared_onedriveforbusiness":{"value":"985de4f2-eeaf-427c-ba6c-89c09b2a2d55"}},"isOnPremiseConnection":false,"bypassConsent":false,"dataSets":{},"apiTier":"Standard","actions":["Run"]},"94a2d3be-3601-4f6a-a80a-f8f094bfbf21":{"id":"/providers/microsoft.powerapps/apis/shared_logicflows","displayName":"ロジック フロー","iconUri":"https://conn-afd-prod-endpoint-bmc9bqahasf3grgk.b01.azurefd.net/v1.0.1766/1.0.1766.4330/logicflows/icon.png","dataSources":["getTeamOwner"],"dependencies":["6b8cbad5-28db-41c1-b6c7-562e306c2e80"],"dependents":[],"parameterHints":{"workflowName":{"value":"ffb2d2d0-9734-4eeb-aced-3fe3275f107a"},"workflowEntityId":{"value":"201ceb32-44f4-f011-8406-002248ef07af"},"workflowDisplayName":{"value":"getTeamOwner"},"6b8cbad5-28db-41c1-b6c7-562e306c2e80":{"value":"shared_office365groups"}},"parameterHintsV2":{"workflowName":{"value":"ffb2d2d0-9734-4eeb-aced-3fe3275f107a"},"workflowEntityId":{"value":"201ceb32-44f4-f011-8406-002248ef07af"},"workflowDisplayName":{"value":"getTeamOwner"},"shared_office365groups":{"value":"6b8cbad5-28db-41c1-b6c7-562e306c2e80"}},"isOnPremiseConnection":false,"bypassConsent":false,"dataSets":{},"apiTier":"Standard","actions":["Run"]},"f723f0d2-d185-451c-9b35-600bac7a7d92":{"id":"/providers/microsoft.powerapps/apis/shared_logicflows","displayName":"ロジック フロー","iconUri":"https://conn-afd-prod-endpoint-bmc9bqahasf3grgk.b01.azurefd.net/v1.0.1766/1.0.1766.4330/logicflows/icon.png","dataSources":["Teams取得-概要"],"dependencies":["40be6cee-05b0-4d74-837a-776b3673fbdc"],"dependents":[],"parameterHints":{"workflowName":{"value":"54f84bb9-0279-4725-8395-370163661493"},"workflowEntityId":{"value":"531ceb32-44f4-f011-8406-002248ef07af"},"workflowDisplayName":{"value":"Teams取得-概要"},"40be6cee-05b0-4d74-837a-776b3673fbdc":{"value":"shared_teams"}},"parameterHintsV2":{"workflowName":{"value":"54f84bb9-0279-4725-8395-370163661493"},"workflowEntityId":{"value":"531ceb32-44f4-f011-8406-002248ef07af"},"workflowDisplayName":{"value":"Teams取得-概要"},"shared_teams":{"value":"40be6cee-05b0-4d74-837a-776b3673fbdc"}},"isOnPremiseConnection":false,"bypassConsent":false,"dataSets":{},"apiTier":"Standard","actions":["Run"]}}</ConnectionReferences>
      <DatabaseReferences>{}</DatabaseReferences>
      <AppComponents>[]</AppComponents>
      <AppComponentDependencies>[]</AppComponentDependencies>
      <CanConsumeAppPass>1</CanConsumeAppPass>
      <CanvasAppType>0</CanvasAppType>
      <BypassConsent>0</BypassConsent>
      <AdminControlBypassConsent>0</AdminControlBypassConsent>
      <EmbeddedApp xsi:nil="true"></EmbeddedApp>
      <IntroducedVersion>1.0</IntroducedVersion>
      <CdsDependencies>{"cdsdependencies":[{"dependencyid":"1f1ceb32-44f4-f011-8406-002248ef07af","componenttype":29,"componenttypeplatformname":"Workflow"},{"dependencyid":"211ceb32-44f4-f011-8406-002248ef07af","componenttype":29,"componenttypeplatformname":"Workflow"},{"dependencyid":"221ceb32-44f4-f011-8406-002248ef07af","componenttype":29,"componenttypeplatformname":"Workflow"},{"dependencyid":"201ceb32-44f4-f011-8406-002248ef07af","componenttype":29,"componenttypeplatformname":"Workflow"},{"dependencyid":"531ceb32-44f4-f011-8406-002248ef07af","componenttype":29,"componenttypeplatformname":"Workflow"}]}</CdsDependencies>
      <IsCustomizable>1</IsCustomizable>
      <BackgroundImageUri>/CanvasApps/new_teams001_a65ab_BackgroundImageUri</BackgroundImageUri>
      <DocumentUri>/CanvasApps/new_teams001_a65ab_DocumentUri.msapp</DocumentUri>
      <AdditionalUris>
        <AdditionalUri>/CanvasApps/new_teams001_a65ab_AdditionalUris0_identity.json</AdditionalUri>
      </AdditionalUris>
    </CanvasApp>
  </CanvasApps>
  <connectionreferences>
    <connectionreference connectionreferencelogicalname="new_sharedoffice365groups_f1654">
      <connectionreferencedisplayname>Office 365 グループ TeamsTool-f1654</connectionreferencedisplayname>
      <connectorid>/providers/Microsoft.PowerApps/apis/shared_office365groups</connectorid>
      <iscustomizable>1</iscustomizable>
      <promptingbehavior>0</promptingbehavior>
      <statecode>0</statecode>
      <statuscode>1</statuscode>
    </connectionreference>
    <connectionreference connectionreferencelogicalname="new_sharedonedriveforbusiness_5e306">
      <connectionreferencedisplayname>OneDrive for Business TeamsTool-5e306</connectionreferencedisplayname>
      <connectorid>/providers/Microsoft.PowerApps/apis/shared_onedriveforbusiness</connectorid>
      <iscustomizable>1</iscustomizable>
      <promptingbehavior>0</promptingbehavior>
      <statecode>0</statecode>
      <statuscode>1</statuscode>
    </connectionreference>
    <connectionreference connectionreferencelogicalname="new_sharedteams_215ec">
      <connectionreferencedisplayname>Microsoft Teams TeamsTool-215ec</connectionreferencedisplayname>
      <connectorid>/providers/Microsoft.PowerApps/apis/shared_teams</connectorid>
      <iscustomizable>1</iscustomizable>
      <promptingbehavior>0</promptingbehavior>
      <statecode>0</statecode>
      <statuscode>1</statuscode>
    </connectionreference>
  </connectionreferences>
  <Languages>
    <Language>1041</Language>
  </Languages>
</ImportExportXml>