{"name":"006e853e-817a-4a13-2a04-6045298f4c69","id":"/providers/Microsoft.Flow/flows/006e853e-817a-4a13-2a04-6045298f4c69","type":"Microsoft.Flow/flows","properties":{"apiId":"/providers/Microsoft.PowerApps/apis/shared_logicflows","displayName":"Power apps_リマインド","definition":{"metadata":{"workflowEntityId":"3e89660d-a478-f011-b4cc-002248651fb0","processAdvisorMetadata":null,"flowChargedByPaygo":null,"flowclientsuspensionreason":"None","flowclientsuspensiontime":null,"flowclientsuspensionreasondetails":null,"creator":{"id":"c831a8b3-094b-4a9f-8eb6-7f9ebdf28392","type":"User","tenantId":"99b882ac-a043-4d2e-9579-dbbef4dff629"},"provisioningMethod":"FromDefinition","failureAlertSubscription":true,"clientLastModifiedTime":"2025-08-14T10:59:06.4252993Z","connectionKeySavedTimeKey":"2025-08-14T10:59:06.4252993Z","creationSource":null},"$schema":"https://schema.management.azure.com/providers/Microsoft.Logic/schemas/2016-06-01/workflowdefinition.json#","contentVersion":"1.0.0.0","parameters":{"$authentication":{"defaultValue":{},"type":"SecureObject"},"$connections":{"defaultValue":{},"type":"Object"}},"triggers":{"manual":{"metadata":{"operationMetadataId":"cddb9f1f-71ec-4083-89ca-98c9581b4ae6"},"type":"Request","kind":"PowerAppV2","inputs":{"schema":{"type":"object","properties":{"text":{"title":"TeamId","type":"string","x-ms-dynamically-added":true,"description":"入力を指定してください","x-ms-content-hint":"TEXT"},"text_1":{"description":"入力を指定してください","title":"ChannelyId","type":"string","x-ms-content-hint":"TEXT","x-ms-dynamically-added":true},"text_2":{"description":"入力を指定してください","title":"ReplyId","type":"string","x-ms-content-hint":"TEXT","x-ms-dynamically-added":true},"number":{"description":"数値を入力してください","title":"mentionAtesaki","type":"number","x-ms-content-hint":"NUMBER","x-ms-dynamically-added":true},"text_3":{"description":"入力を指定してください","title":"MentionMember","type":"string","x-ms-content-hint":"TEXT","x-ms-dynamically-added":true},"number_1":{"description":"数値を入力してください","title":"itujissi","type":"number","x-ms-content-hint":"NUMBER","x-ms-dynamically-added":true},"text_4":{"description":"入力を指定してください","title":"yoyakuDateTime","type":"string","x-ms-content-hint":"TEXT","x-ms-dynamically-added":true},"number_2":{"description":"数値を入力してください","title":"yoyakuJoho","type":"number","x-ms-content-hint":"NUMBER","x-ms-dynamically-added":true},"text_5":{"description":"入力を指定してください","title":"userMail","type":"string","x-ms-content-hint":"TEXT","x-ms-dynamically-added":true},"text_6":{"description":"入力を指定してください","title":"ChannelyName","type":"string","x-ms-content-hint":"TEXT","x-ms-dynamically-added":true},"text_7":{"description":"入力を指定してください","title":"Message","type":"string","x-ms-content-hint":"TEXT","x-ms-dynamically-added":true}},"required":["text","text_1","text_2","number","text_3","number_1","text_4","number_2","text_5","text_6","text_7"]}}}},"actions":{"変数を初期化する-メンション宛先":{"runAfter":{},"metadata":{"operationMetadataId":"43bff31b-dfd6-465f-abdf-d16369fd3c00"},"type":"InitializeVariable","inputs":{"variables":[{"name":"メンション宛先","type":"array"}]}},"変数を初期化する_-_自動投稿の返信先":{"runAfter":{"変数を初期化する-メンション宛先":["Succeeded"]},"metadata":{"operationMetadataId":"9e809326-77fa-44e5-89ae-a13a6b5202f3"},"type":"InitializeVariable","inputs":{"variables":[{"name":"返信先ID","type":"string"}]}},"変数を初期化する_-_予定実行時間":{"runAfter":{"変数を初期化する_-_自動投稿の返信先":["Succeeded"]},"metadata":{"operationMetadataId":"9956fab6-9389-464f-9191-ccd3b3dd9723"},"type":"InitializeVariable","inputs":{"variables":[{"name":"ScheduledExecutionTime","type":"string","value":" @{triggerBody()?['text_4']}"}]}},"条件_-_スケジュール実行であるかどうか":{"actions":{"タイム_ゾーンの変換　-_予定実行時間をUTCに変換":{"metadata":{"operationMetadataId":"d7fde675-e7cb-43e0-b262-53bb6b11d5ee"},"type":"Expression","kind":"ConvertTimeZone","inputs":{"baseTime":"@variables('ScheduledExecutionTime')","sourceTimeZone":"Tokyo Standard Time","destinationTimeZone":"UTC","formatString":"u"}},"延期期限_-_指定した日時までワークフローを停止":{"runAfter":{"予約情報投稿先":["Succeeded"]},"metadata":{"operationMetadataId":"fc84e0d0-e031-4cb5-8008-e005674dc974"},"type":"Wait","inputs":{"until":{"timestamp":"@body('タイム_ゾーンの変換　-_予定実行時間をUTCに変換')"}}},"予約情報投稿先":{"actions":{"チャネルに投稿":{"metadata":{"operationMetadataId":"3c203e5a-674d-401a-b257-aeb8899514a7"},"type":"OpenApiConnection","inputs":{"parameters":{"body/body/content":"<p class=\"editor-paragraph\"><b><strong class=\"editor-text-bold\">※この投稿はPower Automate によるものです。</strong></b><br><b><strong class=\"editor-text-bold\">　</strong></b>リマインドのスケジュール実行をセットしました。<br><br><b><strong class=\"editor-text-bold\">▼実行予定時間</strong></b><br>@{addHours(triggerBody()['text_4'],9,'yyyy/MM/dd hh:mm:ss')}<br><br><b><strong class=\"editor-text-bold\">▼メンション先</strong></b></p><p class=\"editor-paragraph\">@{outputs('メッセージ詳細を取得する')?['body/messageLink']}</p>","groupId":"@triggerBody()?['text']","channelId":"@triggerBody()?['text_1']","messageId":"@triggerBody()?['text_2']"},"host":{"apiId":"/providers/Microsoft.PowerApps/apis/shared_teams","connectionName":"shared_teams-1","operationId":"PostReplyToMessageV2"},"authentication":{"value":"@json(decodeBase64(triggerOutputs().headers['X-MS-APIM-Tokens']))['$ConnectionKey']","type":"Raw"}}},"自分だけに投稿（ボット）_1":{"runAfter":{"チャネルに投稿":["Succeeded"]},"metadata":{"operationMetadataId":"2bfe2a69-65db-4952-94cc-39423271011d"},"type":"OpenApiConnection","inputs":{"parameters":{"poster":"Flow bot","location":"Chat with Flow bot","body/recipient":"@triggerBody()?['text_5']","body/messageBody":"<p class=\"editor-paragraph\"><b><strong class=\"editor-text-bold\">※この投稿はPower Automate によるものです。</strong></b><br>　リマインドのスケジュール実行をセットしました。<br><br>▼実行予定時間<br>@{addHours(triggerBody()['text_4'],9,'yyyy/MM/dd hh:mm:ss')}<br><br>▼メンション先<br><a href=\"@{outputs('メッセージ詳細を取得する')?['body/messageLink']}\" class=\"editor-link\">@{outputs('メッセージ詳細を取得する')?['body/messageLink']}</a></p><br><br><p class=\"editor-paragraph\">▼取り消し用URL</p><p class=\"editor-paragraph\"><a href=\"https://apps.powerapps.com/play/e/default-99b882ac-a043-4d2e-9579-dbbef4dff629/a/b6805d3a-a9fa-48f6-8a63-897e2b588df2?tenantId=99b882ac-a043-4d2e-9579-dbbef4dff629&amp;hint=5926972f-b5bc-4794-a135-53bd9bbb5341&amp;sourcetime=1755152160786&amp;Category=ReminderCancel&amp;Id=@{workflow().run.name}\" class=\"editor-link\">https://apps.powerapps.com/play/e/default-99b882ac-a043-4d2e-9579-dbbef4dff629/a/b6805d3a-a9fa-48f6-8a63-897e2b588df2?tenantId=99b882ac-a043-4d2e-9579-dbbef4dff629&amp;hint=5926972f-b5bc-4794-a135-53bd9bbb5341&amp;sourcetime=1755152160786&amp;Category=ReminderCancel&amp;Id=@{workflow().run.name}<br></a></p>"},"host":{"apiId":"/providers/Microsoft.PowerApps/apis/shared_teams","connectionName":"shared_teams-1","operationId":"PostMessageToConversation"},"authentication":{"value":"@json(decodeBase64(triggerOutputs().headers['X-MS-APIM-Tokens']))['$ConnectionKey']","type":"Raw"}}}},"runAfter":{"タイム_ゾーンの変換　-_予定実行時間をUTCに変換-チャネル投稿用":["Succeeded"]},"else":{"actions":{"自分だけに投稿（ボット）":{"metadata":{"operationMetadataId":"2bfe2a69-65db-4952-94cc-39423271011d"},"type":"OpenApiConnection","inputs":{"parameters":{"poster":"Flow bot","location":"Chat with Flow bot","body/recipient":"@triggerBody()?['text_5']","body/messageBody":"<p class=\"editor-paragraph\"><b><strong class=\"editor-text-bold\">※この投稿はPower Automate によるものです。</strong></b><br>　リマインドのスケジュール実行をセットしました。<br><br>▼実行予定時間<br>@{addHours(triggerBody()['text_4'],9,'yyyy/MM/dd hh:mm:ss')}<br><br>▼メンション先<br><a href=\"@{outputs('メッセージ詳細を取得する')?['body/messageLink']}\" class=\"editor-link\">@{outputs('メッセージ詳細を取得する')?['body/messageLink']}</a></p><br><br><p class=\"editor-paragraph\">▼取り消し用URL</p><p class=\"editor-paragraph\"><a href=\"https://apps.powerapps.com/play/e/default-99b882ac-a043-4d2e-9579-dbbef4dff629/a/b6805d3a-a9fa-48f6-8a63-897e2b588df2?tenantId=99b882ac-a043-4d2e-9579-dbbef4dff629&amp;hint=5926972f-b5bc-4794-a135-53bd9bbb5341&amp;sourcetime=1755152160786&amp;Category=ReminderCancel&amp;Id=@{workflow().run.name}\" class=\"editor-link\">https://apps.powerapps.com/play/e/default-99b882ac-a043-4d2e-9579-dbbef4dff629/a/b6805d3a-a9fa-48f6-8a63-897e2b588df2?tenantId=99b882ac-a043-4d2e-9579-dbbef4dff629&amp;hint=5926972f-b5bc-4794-a135-53bd9bbb5341&amp;sourcetime=1755152160786&amp;Category=ReminderCancel&amp;Id=@{workflow().run.name}<br></a></p>"},"host":{"apiId":"/providers/Microsoft.PowerApps/apis/shared_teams","connectionName":"shared_teams-1","operationId":"PostMessageToConversation"},"authentication":{"value":"@json(decodeBase64(triggerOutputs().headers['X-MS-APIM-Tokens']))['$ConnectionKey']","type":"Raw"}}}}},"expression":{"and":[{"equals":["@triggerBody()?['number_2']",1]}]},"metadata":{"operationMetadataId":"7952c6f8-5350-4f2e-bdc7-a7f7fff0d059"},"type":"If"},"タイム_ゾーンの変換　-_予定実行時間をUTCに変換-チャネル投稿用":{"runAfter":{"タイム_ゾーンの変換　-_予定実行時間をUTCに変換":["Succeeded"]},"metadata":{"operationMetadataId":"d7fde675-e7cb-43e0-b262-53bb6b11d5ee"},"type":"Expression","kind":"ConvertTimeZone","inputs":{"baseTime":"@variables('ScheduledExecutionTime')","sourceTimeZone":"UTC","destinationTimeZone":"Tokyo Standard Time","formatString":"yyyy/MM/dd HH:mm:ss"}}},"runAfter":{"変数を初期化する_-_メンショントークン":["Succeeded"]},"else":{"actions":{}},"expression":{"and":[{"equals":["@triggerBody()?['number_1']",2]}]},"metadata":{"operationMetadataId":"303d9ffb-6d0c-453f-a331-02556e268939"},"type":"If"},"作業分岐_2":{"actions":{},"runAfter":{"条件-メンション先の加工":["Succeeded"]},"else":{"actions":{"リアクションをしたひと一覧を取得":{"actions":{"リアクション部分抽出":{"metadata":{"operationMetadataId":"8d3c40ac-e022-4c0b-ac3e-080d40f34f80"},"type":"Select","inputs":{"from":"@body('メッセージ詳細を取得する')?['reactions']","select":{"reactionType":"@item()?['reactionType']","id":"@item()?['user']?['user']?['id']","createdDateTime":"@item()?['createdDateTime']"}}},"選択_-_リアクションを辞書(Key-Value)形式に変換":{"runAfter":{"リアクション部分抽出":["Succeeded"]},"metadata":{"operationMetadataId":"25dd05e2-e21f-46b4-b801-5b458ae14ac6"},"type":"Select","inputs":{"from":"@body('リアクション部分抽出')","select":"@concat('\"id_', item()?['id'], '\":', string(item()))"}},"作成_-_JSON_Dictionary":{"runAfter":{"結合":["Succeeded"]},"metadata":{"operationMetadataId":"cf94a9c3-1bbc-42c3-9bc9-f62f4cbb9f5d"},"type":"Compose","inputs":"@json(concat('{', body('結合'), '}'))"},"結合":{"runAfter":{"選択_-_リアクションを辞書(Key-Value)形式に変換":["Succeeded"]},"metadata":{"operationMetadataId":"f6369178-c634-41fe-a09e-7479bb6de19b"},"type":"Join","inputs":{"from":"@body('選択_-_リアクションを辞書(Key-Value)形式に変換')","joinWith":","}}},"metadata":{"operationMetadataId":"e012cfe8-a8a7-4073-81d8-a33cad510426"},"type":"Scope"},"Apply_to_each_-_メンバーの表示名とリアクションした日時の配列を作成":{"foreach":"@variables('members')","actions":{"ユーザー_プロフィールの取得_(V2)":{"metadata":{"operationMetadataId":"7f9b1d6c-0045-4c19-b2e9-071f7049b413"},"type":"OpenApiConnection","inputs":{"parameters":{"id":"@items('Apply_to_each_-_メンバーの表示名とリアクションした日時の配列を作成')"},"host":{"apiId":"/providers/Microsoft.PowerApps/apis/shared_office365users","connectionName":"shared_office365users-1","operationId":"UserProfile_V2"},"authentication":{"value":"@json(decodeBase64(triggerOutputs().headers['X-MS-APIM-Tokens']))['$ConnectionKey']","type":"Raw"}}},"条件":{"actions":{"ユーザーの_@メンション_トークンを取得する":{"runAfter":{"配列変数に追加_（リアクションなしのパターン）":["Succeeded"]},"metadata":{"operationMetadataId":"437add8c-8cb1-4d48-ad01-d65ea9b7b239"},"type":"OpenApiConnection","inputs":{"parameters":{"userId":"@outputs('ユーザー_プロフィールの取得_(V2)')?['body/id']"},"host":{"apiId":"/providers/Microsoft.PowerApps/apis/shared_teams","connectionName":"shared_teams-1","operationId":"AtMentionUser"},"authentication":{"value":"@json(decodeBase64(triggerOutputs().headers['X-MS-APIM-Tokens']))['$ConnectionKey']","type":"Raw"}}},"配列変数に追加_（リアクションなしのパターン）":{"metadata":{"operationMetadataId":"f071f995-0868-4576-baa9-14ddbecd3f9b"},"type":"AppendToArrayVariable","inputs":{"name":"reactions","value":{"名前":"@{outputs('ユーザー_プロフィールの取得_(V2)')?['body/displayName']}","日時":""}}},"文字列変数に追加_-_メンション先に追加":{"runAfter":{"ユーザーの_@メンション_トークンを取得する":["Succeeded"]},"metadata":{"operationMetadataId":"86731af3-8210-438a-8530-eb47e099ae8e"},"type":"AppendToStringVariable","inputs":{"name":"mention","value":"@{outputs('ユーザーの_@メンション_トークンを取得する')?['body/atMention']}　"}}},"runAfter":{"ユーザー_プロフィールの取得_(V2)":["Succeeded"]},"else":{"actions":{"配列変数に追加（リアクションありのパターン）":{"metadata":{"operationMetadataId":"be24d6a4-8639-4f5c-92a3-d196b2bba0ae"},"type":"AppendToArrayVariable","inputs":{"name":"reactions","value":{"名前":"@{outputs('ユーザー_プロフィールの取得_(V2)')?['body/displayName']}","日時":"@convertTimeZone(outputs('作成_-_JSON_Dictionary')?[concat('id_', outputs('ユーザー_プロフィールの取得_(V2)')?['body/id'])]?['createdDateTime'], 'UTC', 'Tokyo Standard Time', 'yyyy/MM/dd HH:mm:ss')"}}}}},"expression":{"and":[{"equals":["@outputs('作成_-_JSON_Dictionary')?[concat('id_', outputs('ユーザー_プロフィールの取得_(V2)')?['body/id'])]?['createdDateTime']","@null"]}]},"metadata":{"operationMetadataId":"f4377d3d-a039-4831-b230-db6ca166b1df"},"type":"If"}},"runAfter":{"リアクションをしたひと一覧を取得":["Succeeded"]},"metadata":{"operationMetadataId":"0bef6fad-fe44-4a4b-969b-734b2a4dcd5b"},"type":"Foreach"},"HTMLテーブルを作成":{"actions":{"表の列名を折り返し禁止にするためにスタイルを変更する":{"runAfter":{"表の罫線を表示するためにスタイルを変更する":["Succeeded"]},"metadata":{"operationMetadataId":"c0615408-ea5e-49c7-9b1d-1dfd49415130"},"type":"Compose","inputs":"@replace(outputs('表の罫線を表示するためにスタイルを変更する'), '<th>', '<th style=\"white-space:nowrap;padding:7px\">')"},"表のpaddingを広げるためにスタイルを変更する":{"runAfter":{"表の列名を折り返し禁止にするためにスタイルを変更する":["Succeeded"]},"metadata":{"operationMetadataId":"099bbac6-4aa5-422c-8152-88457cd86fd8"},"type":"Compose","inputs":"@replace(outputs('表の列名を折り返し禁止にするためにスタイルを変更する'), '<td>', '<td style=\"padding:7px\">')"},"HTML_テーブルの作成":{"metadata":{"operationMetadataId":"ef6c5bfb-9efe-4541-97e4-fcb3ea3f5f31"},"type":"Table","inputs":{"from":"@variables('reactions')","format":"HTML"}},"表の罫線を表示するためにスタイルを変更する":{"runAfter":{"HTML_テーブルの作成":["Succeeded"]},"metadata":{"operationMetadataId":"012d055e-fdcd-47bd-b0f9-cf753bba08b1"},"type":"Compose","inputs":"@replace(body('HTML_テーブルの作成'), '<table>', '<table border=\"3\" bgcolor=\"87ceeb\">')"}},"runAfter":{"Apply_to_each_-_メンバーの表示名とリアクションした日時の配列を作成":["Succeeded"]},"metadata":{"operationMetadataId":"f7c4ec2c-0016-4e4b-996e-0e7959f51211"},"type":"Scope"}}},"expression":{"and":[{"equals":["@triggerBody()?['number']",1]}]},"metadata":{"operationMetadataId":"38d5a347-3942-42d5-b89b-fe9547f5ad05"},"type":"If"},"変数を初期化する_-_投稿の本文":{"runAfter":{"作業分岐_2":["Succeeded"]},"metadata":{"operationMetadataId":"c13c5834-32ae-4251-8c77-85e10cce0b35"},"type":"InitializeVariable","inputs":{"variables":[{"name":"Messagebody","type":"string","value":"いいねをした人およびその日時は以下の通りです。\n@{outputs('表のpaddingを広げるためにスタイルを変更する')}"}]}},"投稿":{"actions":{"HTTP_要求を送信します":{"metadata":{"operationMetadataId":"85a94e63-da01-4803-bda1-fd35f32d4804"},"type":"OpenApiConnection","inputs":{"parameters":{"Uri":"https://graph.microsoft.com/beta/teams/@{triggerBody()?['text']}/channels/@{triggerBody()?['text_1']}/messages/@{triggerBody()?['text_2']}/replies","Method":"POST","Body":"{\n  \"body\": {\n    \"contentType\": \"html\",\n    \"content\": \"<at id=\\\"0\\\">@{triggerBody()?['text_6']}</at>\n@{triggerBody()?['text_7']}\"\n\n  },\n  \"mentions\": [\n    {\n      \"id\": 0,\n      \"mentionText\": \"@{triggerBody()?['text_6']}\",\n      \"mentioned\": {\n                        \"conversation\": {\n                            \"id\": \"@{triggerBody()['text_1']}\",\n                            \"conversationIdentityType\": \"channel\"\n                        }\n      }\n    }\n  ]\n}","ContentType":"application/json"},"host":{"apiId":"/providers/Microsoft.PowerApps/apis/shared_office365groups","connectionName":"shared_office365groups-1","operationId":"HttpRequest"},"authentication":{"value":"@json(decodeBase64(triggerOutputs().headers['X-MS-APIM-Tokens']))['$ConnectionKey']","type":"Raw"}}}},"runAfter":{"変数を初期化する_-_投稿の本文":["Succeeded"]},"else":{"actions":{"文字列変数に追加__-_本文にメンションを追加":{"metadata":{"operationMetadataId":"a2f8635b-c141-4d67-967a-34435c261994"},"type":"AppendToStringVariable","inputs":{"name":"Messagebody","value":"<br/>\n未完了のかたは対応お願いします。\n<br/>\n@{variables('mention')}"}},"メッセージへの返信の投稿_(V2)":{"runAfter":{"文字列変数に追加__-_本文にメンションを追加":["Succeeded"]},"metadata":{"operationMetadataId":"f0c73b8b-c8ca-403a-b040-0984c4b895a3"},"type":"OpenApiConnection","inputs":{"parameters":{"body/body/content":"<p class=\"editor-paragraph\">@{triggerBody()?['text_7']}<br>@{variables('Messagebody')}</p>","groupId":"@triggerBody()['text']","channelId":"@triggerBody()['text_1']","messageId":"@triggerBody()?['text_2']"},"host":{"apiId":"/providers/Microsoft.PowerApps/apis/shared_teams","connectionName":"shared_teams-1","operationId":"PostReplyToMessageV2"},"authentication":{"value":"@json(decodeBase64(triggerOutputs().headers['X-MS-APIM-Tokens']))['$ConnectionKey']","type":"Raw"}}}}},"expression":{"and":[{"equals":["@triggerBody()?['number']",1]}]},"metadata":{"operationMetadataId":"38d5a347-3942-42d5-b89b-fe9547f5ad05"},"type":"If"},"変数を初期化する_-_いいねしたひとと日時の一覧":{"runAfter":{"変数を初期化する_-_予定実行時間":["Succeeded"]},"metadata":{"operationMetadataId":"f4e369d7-4608-470e-9600-3cfd703dd9cb"},"type":"InitializeVariable","inputs":{"variables":[{"name":"reactions","type":"array"}]}},"変数を初期化する_-メンバーを定義":{"runAfter":{"メッセージ詳細を取得する":["Succeeded"]},"metadata":{"operationMetadataId":"e316c895-2b7a-486a-8319-17bcb40dfa9c"},"type":"InitializeVariable","inputs":{"variables":[{"name":"members","type":"array","value":"@variables('メンション宛先')"}]}},"変数を初期化する_-_メンショントークン":{"runAfter":{"変数を初期化する_-メンバーを定義":["Succeeded"]},"metadata":{"operationMetadataId":"5d5f4cde-ee4a-4305-bddf-f9ef0bb0034f"},"type":"InitializeVariable","inputs":{"variables":[{"name":"mention","type":"string"}]}},"メッセージ詳細を取得する":{"runAfter":{"変数を初期化する_-_いいねしたひとと日時の一覧":["Succeeded"]},"metadata":{"operationMetadataId":"86e9f300-9962-4401-8537-8f5b349823fd"},"type":"OpenApiConnection","inputs":{"parameters":{"messageId":"@triggerBody()?['text_2']","threadType":"groupchat","body/recipient":"@triggerBody()['text_1']"},"host":{"apiId":"/providers/Microsoft.PowerApps/apis/shared_teams","connectionName":"shared_teams","operationId":"GetMessageDetails"},"authentication":{"value":"@json(decodeBase64(triggerOutputs().headers['X-MS-APIM-Tokens']))['$ConnectionKey']","type":"Raw"}}},"条件-メンション先の加工":{"actions":{"JSON_の解析-MentionMember":{"metadata":{"operationMetadataId":"fc9ffa0e-fc82-4698-af07-0c97a9d21c41"},"type":"ParseJson","inputs":{"content":"@triggerBody()?['text_3']","schema":{"type":"array","items":{"type":"object","properties":{"mail":{"type":"string"}},"required":["mail"]}}}},"Apply_to_each":{"foreach":"@body('JSON_の解析-MentionMember')","actions":{"配列変数に追加":{"metadata":{"operationMetadataId":"69fc1ecc-0024-490c-a06f-b1235a06d5cf"},"type":"AppendToArrayVariable","inputs":{"name":"メンション宛先","value":"@items('Apply_to_each')['mail']"}}},"runAfter":{"JSON_の解析-MentionMember":["Succeeded"]},"metadata":{"operationMetadataId":"81ca9693-5352-4e74-bccc-c3057a338978"},"type":"Foreach"}},"runAfter":{"条件_-_スケジュール実行であるかどうか":["Succeeded"]},"else":{"actions":{}},"expression":{"and":[{"equals":["@triggerBody()?['number']",2]}]},"metadata":{"operationMetadataId":"b636567f-54dc-4774-ace7-c56da5971e9f"},"type":"If"}}},"connectionReferences":{"shared_teams-1":{"connectionName":"shared-teams-29b9357a-d905-49e1-914b-e5f13a4f7caa","source":"Invoker","id":"/providers/Microsoft.PowerApps/apis/shared_teams","tier":"NotSpecified","apiName":"teams","isProcessSimpleApiReferenceConversionAlreadyDone":false},"shared_teams":{"connectionName":"shared-teams-29b9357a-d905-49e1-914b-e5f13a4f7caa","source":"Invoker","id":"/providers/Microsoft.PowerApps/apis/shared_teams","tier":"NotSpecified","apiName":"teams","isProcessSimpleApiReferenceConversionAlreadyDone":false},"shared_office365users-1":{"connectionName":"shared-office365user-e0d4ad8e-eaed-4425-a143-4b574cf01931","source":"Invoker","id":"/providers/Microsoft.PowerApps/apis/shared_office365users","tier":"NotSpecified","apiName":"office365users","isProcessSimpleApiReferenceConversionAlreadyDone":false},"shared_office365groups-1":{"connectionName":"shared-office365grou-b10e6a6c-420c-4c5f-970e-3d4eedf0c36b","source":"Invoker","id":"/providers/Microsoft.PowerApps/apis/shared_office365groups","tier":"NotSpecified","apiName":"office365groups","isProcessSimpleApiReferenceConversionAlreadyDone":false}},"flowFailureAlertSubscribed":false,"isManaged":false}}