{"name":"d9f4994c-2002-462c-aa09-c9f58200734b","id":"/providers/Microsoft.Flow/flows/d9f4994c-2002-462c-aa09-c9f58200734b","type":"Microsoft.Flow/flows","properties":{"apiId":"/providers/Microsoft.PowerApps/apis/shared_logicflows","displayName":"GoogleGeoodingApi","definition":{"metadata":{"workflowEntityId":null,"processAdvisorMetadata":null,"flowChargedByPaygo":null,"flowclientsuspensionreason":"None","flowclientsuspensiontime":null,"flowclientsuspensionreasondetails":null,"creator":{"id":"b2dc63b2-4b34-438b-9a98-aeb97863dcb9","type":"User","tenantId":"f15e0089-7721-411c-bd34-6dd9ed0c5c99"},"provisioningMethod":"FromDefinition","failureAlertSubscription":true,"clientLastModifiedTime":"2025-04-06T02:05:51.6986225Z","connectionKeySavedTimeKey":"2025-04-06T02:05:51.6986225Z","creationSource":"PowerappsPpux","modifiedSources":"PowerappsPpux;Portal"},"$schema":"https://schema.management.azure.com/providers/Microsoft.Logic/schemas/2016-06-01/workflowdefinition.json#","contentVersion":"1.0.0.0","parameters":{"$authentication":{"defaultValue":{},"type":"SecureObject"}},"triggers":{"manual":{"metadata":{"operationMetadataId":"cf73d71c-d634-4dfd-ba12-58163fb86c9c"},"type":"Request","kind":"PowerAppV2","inputs":{"schema":{"type":"object","properties":{"text":{"title":"apiUrl","type":"string","x-ms-dynamically-added":true,"description":"入力を指定してください","x-ms-content-hint":"TEXT"}},"required":["text"]}}}},"actions":{"HTTP":{"runAfter":{},"metadata":{"operationMetadataId":"2aaba672-5a66-4220-9085-2f762e8c5d9a"},"type":"Http","inputs":{"method":"GET","uri":"@triggerBody()['text']"}},"Respond_to_a_Power_App_or_flow":{"runAfter":{"変数を初期化する":["Succeeded"]},"metadata":{"operationMetadataId":"f29531d6-f54e-4154-9c75-eef1607b96da"},"type":"Response","kind":"PowerApp","inputs":{"statusCode":200,"body":{"apiresponsebody":"@{variables('APIResponseBody')}"},"schema":{"type":"object","properties":{"apiresponsebody":{"title":"APIResponseBody","x-ms-dynamically-added":true,"type":"string"}}}}},"JSON_の解析":{"runAfter":{"HTTP":["Succeeded"]},"metadata":{"operationMetadataId":"b458a789-6f56-4345-a9ad-7f46af9b9d43"},"type":"ParseJson","inputs":{"content":"@body('HTTP')?['results']","schema":{"type":"array","items":{"type":"object","properties":{"address_components":{"type":"array","items":{"type":"object","properties":{"long_name":{"type":"string"},"short_name":{"type":"string"},"types":{"type":"array","items":{"type":"string"}}},"required":["long_name","short_name","types"]}},"formatted_address":{"type":"string"},"geometry":{"type":"object","properties":{"location":{"type":"object","properties":{"lat":{"type":"number"},"lng":{"type":"number"}}},"location_type":{"type":"string"},"viewport":{"type":"object","properties":{"northeast":{"type":"object","properties":{"lat":{"type":"number"},"lng":{"type":"number"}}},"southwest":{"type":"object","properties":{"lat":{"type":"number"},"lng":{"type":"number"}}}}}}},"navigation_points":{"type":"array","items":{"type":"object","properties":{"location":{"type":"object","properties":{"latitude":{"type":"number"},"longitude":{"type":"number"}}}},"required":["location"]}},"place_id":{"type":"string"},"plus_code":{"type":"object","properties":{"compound_code":{"type":"string"},"global_code":{"type":"string"}}},"types":{"type":"array","items":{"type":"string"}}},"required":["address_components","formatted_address","geometry","place_id","types"]}}}},"選択":{"runAfter":{"JSON_の解析":["Succeeded"]},"metadata":{"operationMetadataId":"7fedfd37-0610-4c1d-9b80-d26cd59542ac"},"type":"Select","inputs":{"from":"@body('JSON_の解析')","select":{"long_name":"@item()['address_components']?[0]?['long_name']","short_name":"@item()['address_components']?[0]?['short_name']","type":"@join(item()['types'],',')"}}},"変数を初期化する":{"runAfter":{"選択":["Succeeded"]},"metadata":{"operationMetadataId":"44c57e6a-c99a-4a09-af45-65d525211a8c"},"type":"InitializeVariable","inputs":{"variables":[{"name":"APIResponseBody","type":"string","value":"@{body('選択')}"}]}}}},"connectionReferences":{},"flowFailureAlertSubscribed":false,"isManaged":false}}