{"name":"d9617ecd-58f1-48c1-05a7-b7fac501945e","id":"/providers/Microsoft.Flow/flows/d9617ecd-58f1-48c1-05a7-b7fac501945e","type":"Microsoft.Flow/flows","properties":{"apiId":"/providers/Microsoft.PowerApps/apis/shared_logicflows","displayName":"メンバーリスト取得","definition":{"metadata":{"workflowEntityId":"f5f3ed60-4278-f011-b4cb-6045bd548f97","processAdvisorMetadata":null,"flowChargedByPaygo":null,"flowclientsuspensionreason":"None","flowclientsuspensiontime":null,"flowclientsuspensionreasondetails":null,"creator":{"id":"c831a8b3-094b-4a9f-8eb6-7f9ebdf28392","type":"User","tenantId":"99b882ac-a043-4d2e-9579-dbbef4dff629"},"provisioningMethod":"FromDefinition","failureAlertSubscription":true,"clientLastModifiedTime":"2025-08-14T07:00:43.0541969Z","connectionKeySavedTimeKey":"2025-08-14T07:00:43.0541969Z","creationSource":null},"$schema":"https://schema.management.azure.com/providers/Microsoft.Logic/schemas/2016-06-01/workflowdefinition.json#","contentVersion":"1.0.0.0","parameters":{"$authentication":{"defaultValue":{},"type":"SecureObject"},"$connections":{"defaultValue":{},"type":"Object"}},"triggers":{"manual":{"metadata":{"operationMetadataId":"aa901c1d-5bf4-451a-8459-27652bd6c6b5"},"type":"Request","kind":"PowerAppV2","inputs":{"schema":{"type":"object","properties":{"text":{"title":"teamID","type":"string","x-ms-dynamically-added":true,"description":"入力を指定してください","x-ms-content-hint":"TEXT"}},"required":["text"]}}}},"actions":{"グループ_メンバーの一覧表示":{"runAfter":{},"metadata":{"operationMetadataId":"057a871e-b4c1-4382-9a3d-68895cff4bf9"},"type":"OpenApiConnection","inputs":{"parameters":{"groupId":"@triggerBody()['text']"},"host":{"apiId":"/providers/Microsoft.PowerApps/apis/shared_office365groups","connectionName":"shared_office365groups","operationId":"ListGroupMembers"},"authentication":{"value":"@json(decodeBase64(triggerOutputs().headers['X-MS-APIM-Tokens']))['$ConnectionKey']","type":"Raw"}},"runtimeConfiguration":{"paginationPolicy":{"minimumItemCount":1000}}},"Respond_to_a_Power_App_or_flow":{"runAfter":{"変数を初期化する":["Succeeded"]},"metadata":{"operationMetadataId":"0044438a-9d77-455f-b96d-74c94bc2aa4d"},"type":"Response","kind":"PowerApp","inputs":{"schema":{"type":"object","properties":{"memberlist":{"title":"memberList","x-ms-dynamically-added":true,"type":"string"}},"additionalProperties":{}},"statusCode":200,"body":{"memberlist":"@variables('memberList')"}}},"変数を初期化する":{"runAfter":{"グループ_メンバーの一覧表示":["Succeeded"]},"metadata":{"operationMetadataId":"a081741c-f78b-4351-998b-641e35bc86e5"},"type":"InitializeVariable","inputs":{"variables":[{"name":"memberList","type":"string","value":"@{outputs('グループ_メンバーの一覧表示')?['body/value']}"}]}}}},"connectionReferences":{"shared_office365groups":{"connectionName":"shared-office365grou-b10e6a6c-420c-4c5f-970e-3d4eedf0c36b","source":"Invoker","id":"/providers/Microsoft.PowerApps/apis/shared_office365groups","tier":"NotSpecified","apiName":"office365groups","isProcessSimpleApiReferenceConversionAlreadyDone":false}},"flowFailureAlertSubscribed":false,"isManaged":false}}