{"name":"b010b79a-8826-0676-8bbb-d6127bdbb0ce","id":"/providers/Microsoft.Flow/flows/b010b79a-8826-0676-8bbb-d6127bdbb0ce","type":"Microsoft.Flow/flows","properties":{"apiId":"/providers/Microsoft.PowerApps/apis/shared_logicflows","displayName":"SharePointリストのプロパティ取得","definition":{"metadata":{"workflowEntityId":"ebc929e5-7fcb-f011-8544-6045bd534460","processAdvisorMetadata":null,"flowChargedByPaygo":null,"flowclientsuspensionreason":"None","flowclientsuspensiontime":null,"flowclientsuspensionreasondetails":null,"creator":{"id":"c831a8b3-094b-4a9f-8eb6-7f9ebdf28392","type":"User","tenantId":"99b882ac-a043-4d2e-9579-dbbef4dff629"},"provisioningMethod":"FromDefinition","failureAlertSubscription":true,"clientLastModifiedTime":"2025-12-04T13:41:23.919465Z","connectionKeySavedTimeKey":"2025-12-04T13:41:23.919465Z","creationSource":null},"$schema":"https://schema.management.azure.com/providers/Microsoft.Logic/schemas/2016-06-01/workflowdefinition.json#","contentVersion":"1.0.0.0","parameters":{"$authentication":{"defaultValue":{},"type":"SecureObject"},"$connections":{"defaultValue":{},"type":"Object"}},"triggers":{"manual":{"metadata":{"operationMetadataId":"03fff6d3-20bb-4d4c-b167-0841771ed114"},"type":"Request","kind":"PowerAppV2","inputs":{"schema":{"type":"object","properties":{"text":{"title":"SiteUrl","type":"string","x-ms-dynamically-added":true,"description":"入力を指定してください","x-ms-content-hint":"TEXT"},"text_1":{"title":"ListId","type":"string","x-ms-dynamically-added":true,"description":"入力を指定してください","x-ms-content-hint":"TEXT"}},"required":["text","text_1"]}}}},"actions":{"SharePoint_に_HTTP_要求を送信します":{"runAfter":{},"metadata":{"operationMetadataId":"95507123-0d08-4956-a744-6a19ff5d35c5"},"type":"OpenApiConnection","inputs":{"parameters":{"dataset":"@triggerBody()?['text']","parameters/method":"GET","parameters/uri":"_api/web/lists(guid'@{triggerBody()?['text_1']}')/Fields?$filter=Hidden eq false&$select=Title,InternalName,TypeDisplayName,TypeAsString,Required,ReadOnlyField,CanBeDeleted","parameters/headers":{"Accept":"application/json;odata=nometadata"}},"host":{"apiId":"/providers/Microsoft.PowerApps/apis/shared_sharepointonline","connectionName":"shared_sharepointonline_1","operationId":"HttpRequest"},"authentication":{"value":"@json(decodeBase64(triggerOutputs().headers['X-MS-APIM-Tokens']))['$ConnectionKey']","type":"Raw"}}},"JSON_の解析":{"runAfter":{"SharePoint_に_HTTP_要求を送信します":["Succeeded"]},"metadata":{"operationMetadataId":"b6a03d04-c713-46d8-bcae-5ed1abc68e47"},"type":"ParseJson","inputs":{"content":"@body('SharePoint_に_HTTP_要求を送信します')","schema":{"type":"object","properties":{"value":{"type":"array","items":{"type":"object","properties":{"CanBeDeleted":{"type":"boolean"},"InternalName":{"type":"string"},"ReadOnlyField":{"type":"boolean"},"Required":{"type":"boolean"},"Title":{"type":"string"},"TypeAsString":{"type":"string"},"TypeDisplayName":{"type":"string"}},"required":["CanBeDeleted","InternalName","ReadOnlyField","Required","Title","TypeAsString","TypeDisplayName"]}}}}}},"選択":{"runAfter":{"JSON_の解析":["Succeeded"]},"metadata":{"operationMetadataId":"04a96986-2794-4349-936c-f384a1e59e73"},"type":"Select","inputs":{"from":"@body('JSON_の解析')?['value']","select":{"Title":"@item()?['Title']","InternalName":"@item()?['InternalName']","TypeDisplayName":"@item()?['TypeDisplayName']","Required":"@item()?['Required']","CanBeDeleted":"@item()?['CanBeDeleted']","TypeAsString":"@item()?['TypeAsString']","ReadOnlyField":"@item()?['ReadOnlyField']"}}},"変数を初期化する":{"runAfter":{"選択":["Succeeded"]},"metadata":{"operationMetadataId":"536b9401-dd4c-4f6b-b6a7-cb3bb9c4232f"},"type":"InitializeVariable","inputs":{"variables":[{"name":"resltData","type":"string","value":"@{body('選択')}"}]}},"Power_App_またはフローに応答する":{"runAfter":{"変数を初期化する":["Succeeded"]},"metadata":{"operationMetadataId":"6ebf0907-3ed3-4d80-a743-2c04d5105f98"},"type":"Response","kind":"PowerApp","inputs":{"schema":{"type":"object","properties":{"resltdata":{"title":"resltData","x-ms-dynamically-added":true,"type":"string"}},"additionalProperties":{}},"statusCode":200,"body":{"resltdata":"@{variables('resltData')}"}}}}},"connectionReferences":{"shared_sharepointonline_1":{"connectionName":"shared-sharepointonl-e4a734bf-1a5e-4e30-bf8f-cd0fb3b7fff3","source":"Invoker","id":"/providers/Microsoft.PowerApps/apis/shared_sharepointonline","tier":"NotSpecified","apiName":"sharepointonline","isProcessSimpleApiReferenceConversionAlreadyDone":false}},"flowFailureAlertSubscribed":false,"isManaged":false}}