{
  "properties": {
    "connectionReferences": {
      "shared_sharepointonline": {
        "runtimeSource": "invoker",
        "connection": {
          "connectionReferenceLogicalName": "new_SharePoint"
        },
        "api": {
          "name": "shared_sharepointonline"
        }
      }
    },
    "definition": {
      "$schema": "https://schema.management.azure.com/providers/Microsoft.Logic/schemas/2016-06-01/workflowdefinition.json#",
      "contentVersion": "1.0.0.0",
      "parameters": {
        "$authentication": {
          "defaultValue": {},
          "type": "SecureObject"
        },
        "$connections": {
          "defaultValue": {},
          "type": "Object"
        }
      },
      "triggers": {
        "manual": {
          "metadata": {
            "operationMetadataId": "c4bb5ecd-b830-433f-9170-0bab50b312c0"
          },
          "type": "Request",
          "kind": "PowerAppV2",
          "inputs": {
            "schema": {
              "type": "object",
              "properties": {
                "text": {
                  "title": "SiteURL",
                  "type": "string",
                  "x-ms-dynamically-added": true,
                  "description": "入力を指定してください",
                  "x-ms-content-hint": "TEXT"
                }
              },
              "required": [
                "text"
              ]
            }
          }
        }
      },
      "actions": {
        "SharePoint_に_HTTP_要求を送信します": {
          "runAfter": {
            "変数を初期化する": [
              "Succeeded"
            ]
          },
          "metadata": {
            "operationMetadataId": "8cdf9897-5661-46ae-bfe0-18446f80497f"
          },
          "type": "OpenApiConnection",
          "inputs": {
            "parameters": {
              "dataset": "@triggerBody()['text']",
              "parameters/method": "GET",
              "parameters/uri": "_api/web/Lists?$select=Title,Hidden,Description,Id,BaseType&$expand=RootFolder&$filter=(substringof('thread.skype_wiki',Title) eq false) and (IsCatalog eq false)",
              "parameters/headers": {
                "Accept": "application/json;odata=nometadata"
              }
            },
            "host": {
              "apiId": "/providers/Microsoft.PowerApps/apis/shared_sharepointonline",
              "operationId": "HttpRequest",
              "connectionName": "shared_sharepointonline"
            }
          }
        },
        "JSON_の解析": {
          "runAfter": {
            "SharePoint_に_HTTP_要求を送信します": [
              "Succeeded"
            ]
          },
          "metadata": {
            "operationMetadataId": "07a770b4-4457-4e8f-9335-42fc7841c87f"
          },
          "type": "ParseJson",
          "inputs": {
            "content": "@body('SharePoint_に_HTTP_要求を送信します')",
            "schema": {
              "type": "object",
              "properties": {
                "value": {
                  "type": "array",
                  "items": {
                    "type": "object",
                    "properties": {
                      "RootFolder": {
                        "type": "object",
                        "properties": {
                          "Exists": {
                            "type": "boolean"
                          },
                          "IsWOPIEnabled": {
                            "type": "boolean"
                          },
                          "ItemCount": {
                            "type": "integer"
                          },
                          "Name": {
                            "type": "string"
                          },
                          "ProgID": {},
                          "ServerRelativeUrl": {
                            "type": "string"
                          },
                          "TimeCreated": {
                            "type": "string"
                          },
                          "TimeLastModified": {
                            "type": "string"
                          },
                          "UniqueId": {
                            "type": "string"
                          },
                          "WelcomePage": {
                            "type": "string"
                          }
                        }
                      },
                      "BaseType": {
                        "type": "integer"
                      },
                      "Description": {
                        "type": "string"
                      },
                      "Hidden": {
                        "type": "boolean"
                      },
                      "Id": {
                        "type": "string"
                      },
                      "Title": {
                        "type": "string"
                      }
                    },
                    "required": [
                      "RootFolder",
                      "BaseType",
                      "Description",
                      "Hidden",
                      "Id",
                      "Title"
                    ]
                  }
                }
              }
            }
          }
        },
        "選択_2": {
          "runAfter": {
            "JSON_の解析": [
              "Succeeded"
            ]
          },
          "metadata": {
            "operationMetadataId": "de56d951-6cc7-4bc2-a31f-4954d83f763f"
          },
          "type": "Select",
          "inputs": {
            "from": "@body('JSON_の解析')?['value']",
            "select": {
              "Title": "@item()?['Title']",
              "Description": "@item()?['Description']",
              "Id": "@item()?['Id']",
              "Hidden": "@item()?['Hidden']",
              "ServerRelativeUrl": "@item()?['RootFolder']?['ServerRelativeUrl']",
              "BaseType": "@item()?['BaseType']"
            }
          }
        },
        "変数を初期化する": {
          "runAfter": {},
          "metadata": {
            "operationMetadataId": "42698070-82ec-442f-a539-ac5c48760a7a"
          },
          "type": "InitializeVariable",
          "inputs": {
            "variables": [
              {
                "name": "resltData",
                "type": "string"
              }
            ]
          }
        },
        "文字列変数に追加": {
          "runAfter": {
            "選択_2": [
              "Succeeded"
            ]
          },
          "metadata": {
            "operationMetadataId": "7d5b0359-623a-4d5a-b16d-663483ac04dc"
          },
          "type": "AppendToStringVariable",
          "inputs": {
            "name": "resltData",
            "value": "@body('選択_2')"
          }
        },
        "Power_App_またはフローに応答する": {
          "runAfter": {
            "文字列変数に追加": [
              "Succeeded"
            ]
          },
          "metadata": {
            "operationMetadataId": "92a741c2-2e00-46cf-9810-361ba575099f"
          },
          "type": "Response",
          "kind": "PowerApp",
          "inputs": {
            "schema": {
              "type": "object",
              "properties": {
                "reslt": {
                  "title": "reslt",
                  "x-ms-dynamically-added": true,
                  "type": "string"
                }
              },
              "additionalProperties": {}
            },
            "statusCode": 200,
            "body": {
              "reslt": "@{variables('resltData')}"
            }
          }
        }
      }
    },
    "templateName": null
  },
  "schemaVersion": "1.0.0.0"
}