{
  "properties": {
    "connectionReferences": {
      "shared_sharepointonline-1": {
        "runtimeSource": "invoker",
        "connection": {
          "connectionReferenceLogicalName": "new_SharePoint"
        },
        "api": {
          "name": "shared_sharepointonline"
        }
      }
    },
    "definition": {
      "$schema": "https://schema.management.azure.com/providers/Microsoft.Logic/schemas/2016-06-01/workflowdefinition.json#",
      "contentVersion": "1.0.0.0",
      "parameters": {
        "$authentication": {
          "defaultValue": {},
          "type": "SecureObject"
        },
        "$connections": {
          "defaultValue": {},
          "type": "Object"
        }
      },
      "triggers": {
        "manual": {
          "metadata": {
            "operationMetadataId": "1b7491fe-1233-4e74-96e0-e6eeb29768b9"
          },
          "type": "Request",
          "kind": "PowerAppV2",
          "inputs": {
            "schema": {
              "type": "object",
              "properties": {
                "text": {
                  "title": "SiteURL",
                  "type": "string",
                  "x-ms-dynamically-added": true,
                  "description": "入力を指定してください",
                  "x-ms-content-hint": "TEXT"
                },
                "boolean": {
                  "title": "ListHidden",
                  "type": "boolean",
                  "x-ms-dynamically-added": true,
                  "description": "[はい] または [いいえ] を選択してください",
                  "x-ms-content-hint": "BOOLEAN"
                },
                "text_1": {
                  "title": "ListTitle",
                  "type": "string",
                  "x-ms-dynamically-added": true,
                  "description": "入力を指定してください",
                  "x-ms-content-hint": "TEXT"
                },
                "text_2": {
                  "title": "ListDescription",
                  "type": "string",
                  "x-ms-dynamically-added": true,
                  "description": "入力を指定してください",
                  "x-ms-content-hint": "TEXT"
                },
                "text_4": {
                  "title": "ListURL",
                  "type": "string",
                  "x-ms-dynamically-added": true,
                  "description": "入力を指定してください",
                  "x-ms-content-hint": "TEXT"
                },
                "text_3": {
                  "title": "ListId",
                  "type": "string",
                  "x-ms-dynamically-added": true,
                  "description": "入力を指定してください",
                  "x-ms-content-hint": "TEXT"
                }
              },
              "required": [
                "text",
                "boolean",
                "text_1",
                "text_2",
                "text_4",
                "text_3"
              ]
            }
          }
        }
      },
      "actions": {
        "SharePoint_に_HTTP_要求を送信します": {
          "runAfter": {},
          "metadata": {
            "operationMetadataId": "3c898e9e-de75-45f1-bc24-4e71339ef667"
          },
          "type": "OpenApiConnection",
          "inputs": {
            "parameters": {
              "dataset": "@triggerBody()['text']",
              "parameters/method": "POST",
              "parameters/uri": "_api/web/lists(guid'@{triggerBody()['text_3']}')",
              "parameters/headers": {
                "Accept": "application/json;odata=verbose",
                "Content-Type": "application/json;odata=verbose",
                "IF-MATCH": "*",
                "X-HTTP-Method": "MERGE"
              },
              "parameters/body": "{\n\"__metadata\":{\"type\":\"SP.List\"},\n\"Hidden\":\"@{triggerBody()['boolean']}\",\n\"Title\":\"@{triggerBody()['text_1']}\",\n\"Description\":\"@{triggerBody()['text_2']}\"\n}"
            },
            "host": {
              "apiId": "/providers/Microsoft.PowerApps/apis/shared_sharepointonline",
              "operationId": "HttpRequest",
              "connectionName": "shared_sharepointonline-1"
            }
          }
        },
        "SharePoint_に_HTTP_要求を送信します_2": {
          "runAfter": {
            "SharePoint_に_HTTP_要求を送信します": [
              "Succeeded"
            ]
          },
          "metadata": {
            "operationMetadataId": "95d21499-a371-4fbe-8a7b-828274c2bf72"
          },
          "type": "OpenApiConnection",
          "inputs": {
            "parameters": {
              "dataset": "@triggerBody()['text']",
              "parameters/method": "PUT",
              "parameters/uri": "_api/web/lists(guid'@{triggerBody()['text_3']}')/RootFolder/MoveTo(newurl='@{triggerBody()['text_4']}')",
              "parameters/headers": {
                "Accept": "application/json;odata=verbose",
                "Content-Type": "application/json;odata=verbose",
                "IF-MATCH": "*",
                "X-HTTP-Method": "MERGE"
              }
            },
            "host": {
              "apiId": "/providers/Microsoft.PowerApps/apis/shared_sharepointonline",
              "operationId": "HttpRequest",
              "connectionName": "shared_sharepointonline-1"
            }
          }
        },
        "PowerApp_または_Flow_に応答する": {
          "runAfter": {
            "SharePoint_に_HTTP_要求を送信します_2": [
              "Succeeded"
            ]
          },
          "metadata": {
            "operationMetadataId": "a1a486fb-32d4-4a6b-82f7-58fa375673a0"
          },
          "type": "Response",
          "kind": "PowerApp",
          "inputs": {
            "schema": {
              "type": "object",
              "properties": {
                "reslt": {
                  "title": "Reslt",
                  "x-ms-dynamically-added": true,
                  "type": "string"
                }
              },
              "additionalProperties": {}
            },
            "statusCode": 200,
            "body": {
              "reslt": "更新完了"
            }
          }
        }
      }
    },
    "templateName": null
  },
  "schemaVersion": "1.0.0.0"
}