{
  "properties": {
    "connectionReferences": {
      "shared_onedriveforbusiness": {
        "runtimeSource": "invoker",
        "connection": {
          "connectionReferenceLogicalName": "new_sharedonedriveforbusiness_5e306"
        },
        "api": {
          "name": "shared_onedriveforbusiness"
        }
      }
    },
    "definition": {
      "$schema": "https://schema.management.azure.com/providers/Microsoft.Logic/schemas/2016-06-01/workflowdefinition.json#",
      "contentVersion": "1.0.0.0",
      "parameters": {
        "$authentication": {
          "defaultValue": {},
          "type": "SecureObject"
        },
        "$connections": {
          "defaultValue": {},
          "type": "Object"
        }
      },
      "triggers": {
        "manual": {
          "metadata": {
            "operationMetadataId": "c770ad32-618e-4b2a-a21d-f612237f7ebc"
          },
          "type": "Request",
          "kind": "PowerAppV2",
          "inputs": {
            "schema": {
              "type": "object",
              "properties": {
                "text": {
                  "title": "json",
                  "type": "string",
                  "x-ms-dynamically-added": true,
                  "description": "入力を指定してください",
                  "x-ms-content-hint": "TEXT"
                }
              },
              "required": [
                "text"
              ]
            }
          }
        }
      },
      "actions": {
        "JSON_の解析": {
          "runAfter": {},
          "metadata": {
            "operationMetadataId": "31c75eaf-0db1-4eb7-ad75-c205180616fb"
          },
          "type": "ParseJson",
          "inputs": {
            "content": "@triggerBody()?['text']",
            "schema": {
              "type": "array",
              "items": {
                "type": "object",
                "properties": {
                  "RoleText": {
                    "type": "string"
                  },
                  "TeamId": {
                    "type": "string"
                  },
                  "TeamName": {
                    "type": "string"
                  },
                  "displayNameText": {
                    "type": "string"
                  },
                  "givenNameText": {
                    "type": [
                      "string",
                      "null"
                    ]
                  },
                  "id": {
                    "type": "string"
                  },
                  "jobTitleText": {
                    "type": [
                      "string",
                      "null"
                    ]
                  },
                  "mailText": {
                    "type": "string"
                  },
                  "officeLocationText": {
                    "type": [
                      "string",
                      "null"
                    ]
                  },
                  "preferredLanguageText": {
                    "type": [
                      "string",
                      "null"
                    ]
                  },
                  "surnameText": {
                    "type": [
                      "string",
                      "null"
                    ]
                  },
                  "userPrincipalNameText": {
                    "type": "string"
                  }
                },
                "required": [
                  "RoleText",
                  "TeamId",
                  "TeamName",
                  "displayNameText",
                  "givenNameText",
                  "id",
                  "jobTitleText",
                  "mailText",
                  "officeLocationText",
                  "preferredLanguageText",
                  "surnameText",
                  "userPrincipalNameText"
                ]
              }
            }
          }
        },
        "変数を初期化する-fileFolder": {
          "runAfter": {
            "JSON_の解析": [
              "Succeeded"
            ]
          },
          "metadata": {
            "operationMetadataId": "8161432b-e351-4415-9b0d-84a62442c076"
          },
          "type": "InitializeVariable",
          "inputs": {
            "variables": [
              {
                "name": "fileFolder",
                "type": "string",
                "value": "/"
              }
            ]
          }
        },
        "変数を初期化する-fileName": {
          "runAfter": {
            "変数を初期化する-fileFolder": [
              "Succeeded"
            ]
          },
          "metadata": {
            "operationMetadataId": "5a0d63cf-4552-4712-aa97-a642965b8d99"
          },
          "type": "InitializeVariable",
          "inputs": {
            "variables": [
              {
                "name": "fileName",
                "type": "string",
                "value": "ExportTeamsMember@{formatDateTime(addHours(utcNow(),9),'yyyyMMddHHmmss')}.csv"
              }
            ]
          }
        },
        "選択": {
          "runAfter": {
            "変数を初期化する-fileName": [
              "Succeeded"
            ]
          },
          "metadata": {
            "operationMetadataId": "84afd12a-82df-4694-969e-b0c2633f3332"
          },
          "type": "Select",
          "inputs": {
            "from": "@body('JSON_の解析')",
            "select": {
              "TeamId": "@item()['TeamId']",
              "TeamName": "@item()['TeamName']",
              "displayNameText": "@item()['displayNameText']",
              "givenNameText": "@item()['givenNameText']",
              "id": "@item()['id']",
              "jobTitleText": "@item()['jobTitleText']",
              "mailText": "@item()['mailText']",
              "officeLocationText": "@item()['officeLocationText']",
              "preferredLanguageText": "@item()['preferredLanguageText']",
              "surnameText": "@item()['surnameText']",
              "userPrincipalNameText": "@item()['userPrincipalNameText']",
              "RoleText": "@item()['RoleText']"
            }
          }
        },
        "CSV_テーブルの作成": {
          "runAfter": {
            "選択": [
              "Succeeded"
            ]
          },
          "metadata": {
            "operationMetadataId": "440bd866-191b-4922-b9b2-536a81c206b8"
          },
          "type": "Table",
          "inputs": {
            "from": "@body('選択')",
            "format": "CSV"
          }
        },
        "ファイルの作成": {
          "runAfter": {
            "CSV_テーブルの作成": [
              "Succeeded"
            ]
          },
          "metadata": {
            "operationMetadataId": "9b52fb87-c593-42fc-bb90-a55d52ebfcc9"
          },
          "type": "OpenApiConnection",
          "inputs": {
            "parameters": {
              "folderPath": "@variables('fileFolder')",
              "name": "@variables('fileName')",
              "body": "@concat(decodeUriComponent('%EF%BB%BF'),body('CSV_テーブルの作成'))\r\n"
            },
            "host": {
              "apiId": "/providers/Microsoft.PowerApps/apis/shared_onedriveforbusiness",
              "operationId": "CreateFile",
              "connectionName": "shared_onedriveforbusiness"
            }
          },
          "runtimeConfiguration": {
            "contentTransfer": {
              "transferMode": "Chunked"
            }
          }
        },
        "共有リンクを作成する": {
          "runAfter": {
            "ファイルの作成": [
              "Succeeded"
            ]
          },
          "metadata": {
            "operationMetadataId": "aad93bce-8227-4673-8311-d1c2445c96a1"
          },
          "type": "OpenApiConnection",
          "inputs": {
            "parameters": {
              "id": "@outputs('ファイルの作成')?['body/Id']",
              "type": "View",
              "scope": "Organization"
            },
            "host": {
              "apiId": "/providers/Microsoft.PowerApps/apis/shared_onedriveforbusiness",
              "operationId": "CreateShareLinkV2",
              "connectionName": "shared_onedriveforbusiness"
            }
          }
        },
        "作成": {
          "runAfter": {
            "共有リンクを作成する": [
              "Succeeded"
            ]
          },
          "metadata": {
            "operationMetadataId": "a453bed6-6b9a-4eb3-900a-67135e063cdf"
          },
          "type": "Compose",
          "inputs": "@concat(\r\n outputs('共有リンクを作成する')?['body/WebUrl'] ,'?download=1'\r\n)"
        },
        "Power_App_またはフローに応答する": {
          "runAfter": {
            "作成": [
              "Succeeded"
            ]
          },
          "metadata": {
            "operationMetadataId": "de2bef3e-f821-49bb-828c-299016874a54"
          },
          "type": "Response",
          "kind": "PowerApp",
          "inputs": {
            "schema": {
              "type": "object",
              "properties": {
                "reslt": {
                  "title": "reslt",
                  "x-ms-dynamically-added": true,
                  "type": "string"
                }
              },
              "additionalProperties": {}
            },
            "statusCode": 200,
            "body": {
              "reslt": "@{outputs('作成')}"
            }
          }
        },
        "遅延": {
          "runAfter": {
            "Power_App_またはフローに応答する": [
              "Succeeded"
            ]
          },
          "metadata": {
            "operationMetadataId": "b9775190-7f92-46cb-8d44-b122df50676d"
          },
          "type": "Wait",
          "inputs": {
            "interval": {
              "count": 10,
              "unit": "Second"
            }
          }
        },
        "ファイルの削除": {
          "runAfter": {
            "遅延": [
              "Succeeded"
            ]
          },
          "metadata": {
            "operationMetadataId": "735a40f7-54d3-417a-8803-213915a68083"
          },
          "type": "OpenApiConnection",
          "inputs": {
            "parameters": {
              "id": "@outputs('ファイルの作成')?['body/Id']"
            },
            "host": {
              "apiId": "/providers/Microsoft.PowerApps/apis/shared_onedriveforbusiness",
              "operationId": "DeleteFile",
              "connectionName": "shared_onedriveforbusiness"
            }
          }
        }
      }
    },
    "templateName": null
  },
  "schemaVersion": "1.0.0.0"
}