{
  "properties": {
    "connectionReferences": {
      "shared_office365groups-1": {
        "runtimeSource": "invoker",
        "connection": {
          "connectionReferenceLogicalName": "new_sharedoffice365groups_f1654"
        },
        "api": {
          "name": "shared_office365groups"
        }
      }
    },
    "definition": {
      "$schema": "https://schema.management.azure.com/providers/Microsoft.Logic/schemas/2016-06-01/workflowdefinition.json#",
      "contentVersion": "1.0.0.0",
      "parameters": {
        "$authentication": {
          "defaultValue": {},
          "type": "SecureObject"
        },
        "$connections": {
          "defaultValue": {},
          "type": "Object"
        }
      },
      "triggers": {
        "manual": {
          "metadata": {
            "operationMetadataId": "a1e8b787-e426-443f-b653-d3249a0d163f"
          },
          "type": "Request",
          "kind": "PowerAppV2",
          "inputs": {
            "schema": {
              "type": "object",
              "properties": {
                "text": {
                  "title": "teamId",
                  "type": "string",
                  "x-ms-dynamically-added": true,
                  "description": "入力を指定してください",
                  "x-ms-content-hint": "TEXT"
                }
              },
              "required": [
                "text"
              ]
            }
          }
        }
      },
      "actions": {
        "変数を初期化する-teamId": {
          "runAfter": {},
          "metadata": {
            "operationMetadataId": "5bcffb59-c73f-4258-9344-59946f7170ae"
          },
          "type": "InitializeVariable",
          "inputs": {
            "variables": [
              {
                "name": "teamId",
                "type": "string",
                "value": "@triggerBody()?['text']"
              }
            ]
          }
        },
        "変数を初期化する-member": {
          "runAfter": {
            "変数を初期化する-teamId": [
              "Succeeded"
            ]
          },
          "metadata": {
            "operationMetadataId": "dc9d03cb-78e3-4f38-b8d8-5dbd98bdd62a"
          },
          "type": "InitializeVariable",
          "inputs": {
            "variables": [
              {
                "name": "member",
                "type": "array"
              }
            ]
          }
        },
        "変数を初期化する-membersUri": {
          "runAfter": {
            "変数を初期化する-member": [
              "Succeeded"
            ]
          },
          "metadata": {
            "operationMetadataId": "f522f91c-bcc3-4fd8-bca3-20ad81126489"
          },
          "type": "InitializeVariable",
          "inputs": {
            "variables": [
              {
                "name": "membersUri",
                "type": "string",
                "value": "https://graph.microsoft.com/v1.0/groups/@{variables('teamId')}/members/microsoft.graph.user?$select=id,displayName,givenName,surname,jobTitle,mail,officeLocation,preferredLanguage,userPrincipalName&$top=999"
              }
            ]
          }
        },
        "Power_App_またはフローに応答する": {
          "runAfter": {
            "Do_until": [
              "Succeeded"
            ]
          },
          "type": "Response",
          "kind": "PowerApp",
          "inputs": {
            "schema": {
              "type": "object",
              "properties": {
                "result": {
                  "title": "result",
                  "type": "string",
                  "x-ms-content-hint": "TEXT",
                  "x-ms-dynamically-added": true
                }
              },
              "additionalProperties": {}
            },
            "statusCode": 200,
            "body": {
              "result": "@{variables('member')}"
            }
          },
          "operationOptions": "Asynchronous"
        },
        "Do_until": {
          "actions": {
            "HTTP_要求_V2_を送信する-members": {
              "metadata": {
                "operationMetadataId": "0d0763f8-1e39-4292-b3fd-bafcae2ced20"
              },
              "type": "OpenApiConnection",
              "inputs": {
                "parameters": {
                  "Uri": "@variables('membersUri')",
                  "Method": "GET",
                  "ContentType": "application/json"
                },
                "host": {
                  "apiId": "/providers/Microsoft.PowerApps/apis/shared_office365groups",
                  "operationId": "HttpRequestV2",
                  "connectionName": "shared_office365groups-1"
                }
              }
            },
            "JSON_の解析-members": {
              "runAfter": {
                "HTTP_要求_V2_を送信する-members": [
                  "Succeeded"
                ]
              },
              "metadata": {
                "operationMetadataId": "5e180e3f-4041-409b-8cd8-9b4ade686c37"
              },
              "type": "ParseJson",
              "inputs": {
                "content": "@body('HTTP_要求_V2_を送信する-members')?['value']",
                "schema": {
                  "type": "array",
                  "items": {
                    "type": "object",
                    "properties": {
                      "111": {
                        "type": "string"
                      },
                      "id": {
                        "type": "string"
                      },
                      "displayName": {
                        "type": "string"
                      },
                      "givenName": {
                        "type": [
                          "string",
                          "null"
                        ]
                      },
                      "surname": {
                        "type": [
                          "string",
                          "null"
                        ]
                      },
                      "mail": {
                        "type": "string"
                      },
                      "jobTitle": {
                        "type": [
                          "string",
                          "null"
                        ]
                      },
                      "officeLocation": {
                        "type": [
                          "string",
                          "null"
                        ]
                      },
                      "userPrincipalName": {
                        "type": "string"
                      },
                      "preferredLanguage": {
                        "type": [
                          "string",
                          "null"
                        ]
                      }
                    },
                    "required": [
                      "id",
                      "displayName",
                      "givenName",
                      "surname",
                      "mail",
                      "jobTitle",
                      "officeLocation",
                      "userPrincipalName",
                      "preferredLanguage"
                    ]
                  }
                }
              }
            },
            "For_each": {
              "foreach": "@outputs('JSON_の解析-members')['body']",
              "actions": {
                "配列変数に追加-member": {
                  "type": "AppendToArrayVariable",
                  "inputs": {
                    "name": "member",
                    "value": {
                      "id": "@{items('For_each')['id']}",
                      "displayName": "@items('For_each')['displayName']",
                      "givenName": "@items('For_each')['givenName']",
                      "surname": "@items('For_each')['surname']",
                      "jobTitle": "@items('For_each')['jobTitle']",
                      "mail": "@items('For_each')['mail']",
                      "officeLocation": "@items('For_each')['officeLocation']",
                      "preferredLanguage": "@items('For_each')['preferredLanguage']",
                      "userPrincipalName": "@items('For_each')['userPrincipalName']"
                    }
                  }
                }
              },
              "runAfter": {
                "JSON_の解析-members": [
                  "Succeeded"
                ]
              },
              "type": "Foreach"
            },
            "変数の設定-membersUri": {
              "runAfter": {
                "For_each": [
                  "Succeeded"
                ]
              },
              "type": "SetVariable",
              "inputs": {
                "name": "membersUri",
                "value": "@body('HTTP_要求_V2_を送信する-members')?['@odata.nextLink']"
              }
            }
          },
          "runAfter": {
            "変数を初期化する-membersUri": [
              "Succeeded"
            ]
          },
          "expression": "@equals(variables('membersUri'),'')",
          "limit": {
            "count": 60,
            "timeout": "PT1H"
          },
          "type": "Until"
        }
      }
    },
    "templateName": null
  },
  "schemaVersion": "1.0.0.0"
}