{"schemaVersion":"1.0","appDefinitionTemplate":{"id":"/providers/Microsoft.PowerApps/apps/","type":"Microsoft.PowerApps/apps","tags":{"primaryDeviceWidth":"1297","primaryDeviceHeight":"810","supportsPortrait":"true","supportsLandscape":"true","primaryFormFactor":"Tablet","showStatusBar":"false","publisherVersion":"3.25122.8","minimumRequiredApiVersion":"2.2.0","hasComponent":"false","hasUnlockedComponent":"false","isUnifiedRootApp":"false","sienaVersion":"20260104T120023Z-3.25122.8.0"},"properties":{"appVersion":"2026-01-04T12:00:23Z","lifeCycleId":"Published","createdByClientVersion":{"major":3,"minor":25122,"build":8,"revision":0,"majorRevision":0,"minorRevision":0},"minClientVersion":{"major":3,"minor":25122,"build":8,"revision":0,"majorRevision":0,"minorRevision":0},"backgroundColor":"RGBA(0,176,240,1)","backgroundImageUri":"/15346637371436131990/N0dfe0b20-ff35-4ebc-b4de-5e226bdc9cfc-logoSmallFile","displayName":"SharePointリスト表示・非表示アプリ_001","description":"","commitMessage":"","appUris":{"documentUri":{"value":"/15346637371436131990/N612011d2-e8d2-4e0b-8406-b8eac2bb72f8-document.msapp"},"imageUris":[],"additionalUris":[{"isSolutionAware":false,"value":"/15346637371436131990/N2a5bde5e-6d4c-477d-b9c8-9e9c6f334c89-identity.json"}]},"createdTime":"0001-01-01T00:00:00Z","lastModifiedTime":"0001-01-01T00:00:00Z","sharedGroupsCount":0,"sharedUsersCount":0,"connectionReferences":{"417e7d35-1b46-4a08-a7b5-7d7450f3acab":{"id":"91eb3741-3950-49ef-b84b-50a554636206","displayName":"ロジック フロー","iconUri":"https://conn-afd-prod-endpoint-bmc9bqahasf3grgk.b01.azurefd.net/v1.0.1766/1.0.1766.4330/logicflows/icon.png","dataSources":["SharePointリスト更新"],"dependencies":["4dc9f418-fa5a-4996-8557-11ce84a792ea"],"dependents":[],"parameterHints":{"workflowName":{"value":"71e5525a-8c17-405e-8cae-622a7291ffe8"},"workflowEntityId":{"value":"ffa51b81-cd8b-f011-b4cb-000d3a408a61"},"workflowDisplayName":{"value":"SharePointリスト更新"},"4dc9f418-fa5a-4996-8557-11ce84a792ea":{"value":"shared_sharepointonline"}},"parameterHintsV2":{"workflowName":{"value":"71e5525a-8c17-405e-8cae-622a7291ffe8"},"workflowEntityId":{"value":"ffa51b81-cd8b-f011-b4cb-000d3a408a61"},"workflowDisplayName":{"value":"SharePointリスト更新"},"shared_sharepointonline":{"value":"4dc9f418-fa5a-4996-8557-11ce84a792ea"}},"isOnPremiseConnection":false,"bypassConsent":false,"dataSets":{},"apiTier":"Standard","isCustomApiConnection":false,"actions":["Run"],"nestedActions":[{"id":"/providers/Microsoft.PowerApps/apis/shared_sharepointonline/apiOperations/HttpRequest","flowConnectionRef":"shared_sharepointonline","apiName":"SharePoint","actionName":"HttpRequest","referencedResources":[{"key":"site","value":"[DYNAMIC_VALUE]"}]}]},"4dc9f418-fa5a-4996-8557-11ce84a792ea":{"id":"d3f198c2-c52d-4943-aa73-d6346f836c48","displayName":"SharePoint","iconUri":"https://conn-afd-prod-endpoint-bmc9bqahasf3grgk.b01.azurefd.net/v1.0.1769/1.0.1769.4352/sharepointonline/icon.png","dataSources":[],"dependencies":[],"dependents":["417e7d35-1b46-4a08-a7b5-7d7450f3acab","073f626f-92f6-4a78-a2cb-e5d2befe9ba4","128acaef-008c-4c92-84e3-ad3c986fbab8"],"parameterHints":{},"parameterHintsV2":{},"isOnPremiseConnection":false,"bypassConsent":false,"dataSets":{},"apiTier":"Standard","isCustomApiConnection":false},"073f626f-92f6-4a78-a2cb-e5d2befe9ba4":{"id":"91eb3741-3950-49ef-b84b-50a554636206","displayName":"ロジック フロー","iconUri":"https://conn-afd-prod-endpoint-bmc9bqahasf3grgk.b01.azurefd.net/v1.0.1766/1.0.1766.4330/logicflows/icon.png","dataSources":["SharePointリストのプロパティ取得"],"dependencies":["4dc9f418-fa5a-4996-8557-11ce84a792ea"],"dependents":[],"parameterHints":{"workflowName":{"value":"4af5a873-7ef2-425d-8f3b-4b287c8c84a7"},"workflowEntityId":{"value":"ebc929e5-7fcb-f011-8544-6045bd534460"},"workflowDisplayName":{"value":"SharePointリストのプロパティ取得"},"4dc9f418-fa5a-4996-8557-11ce84a792ea":{"value":"shared_sharepointonline_1"}},"parameterHintsV2":{"workflowName":{"value":"4af5a873-7ef2-425d-8f3b-4b287c8c84a7"},"workflowEntityId":{"value":"ebc929e5-7fcb-f011-8544-6045bd534460"},"workflowDisplayName":{"value":"SharePointリストのプロパティ取得"},"shared_sharepointonline_1":{"value":"4dc9f418-fa5a-4996-8557-11ce84a792ea"}},"isOnPremiseConnection":false,"bypassConsent":false,"dataSets":{},"apiTier":"Standard","isCustomApiConnection":false,"actions":["Run"],"nestedActions":[{"id":"/providers/Microsoft.PowerApps/apis/shared_sharepointonline/apiOperations/HttpRequest","flowConnectionRef":"shared_sharepointonline_1","apiName":"SharePoint","actionName":"HttpRequest","referencedResources":[{"key":"site","value":"[DYNAMIC_VALUE]"}]}]},"128acaef-008c-4c92-84e3-ad3c986fbab8":{"id":"91eb3741-3950-49ef-b84b-50a554636206","displayName":"ロジック フロー","iconUri":"https://conn-afd-prod-endpoint-bmc9bqahasf3grgk.b01.azurefd.net/v1.0.1766/1.0.1766.4330/logicflows/icon.png","dataSources":["SharePointリスト一覧取得"],"dependencies":["4dc9f418-fa5a-4996-8557-11ce84a792ea"],"dependents":[],"parameterHints":{"workflowName":{"value":"6b4d1e12-40d7-475f-b9b2-40a0fab8da31"},"workflowEntityId":{"value":"0e197a41-b98b-f011-b4cb-000d3a408a61"},"workflowDisplayName":{"value":"SharePointリスト一覧取得"},"4dc9f418-fa5a-4996-8557-11ce84a792ea":{"value":"shared_sharepointonline_1"}},"parameterHintsV2":{"workflowName":{"value":"6b4d1e12-40d7-475f-b9b2-40a0fab8da31"},"workflowEntityId":{"value":"0e197a41-b98b-f011-b4cb-000d3a408a61"},"workflowDisplayName":{"value":"SharePointリスト一覧取得"},"shared_sharepointonline_1":{"value":"4dc9f418-fa5a-4996-8557-11ce84a792ea"}},"isOnPremiseConnection":false,"bypassConsent":false,"dataSets":{},"apiTier":"Standard","isCustomApiConnection":false,"actions":["Run"],"nestedActions":[{"id":"/providers/Microsoft.PowerApps/apis/shared_sharepointonline/apiOperations/HttpRequest","flowConnectionRef":"shared_sharepointonline_1","apiName":"SharePoint","actionName":"HttpRequest","referencedResources":[{"key":"site","value":"[DYNAMIC_VALUE]"}]}]}},"databaseReferences":{},"almMode":"Environment","performanceOptimizationEnabled":true,"canConsumeAppPass":true,"enableModernRuntimeMode":false,"executionRestrictions":{"isTeamsOnly":false,"dataLossPreventionEvaluationResult":{"status":"Compliant","lastEvaluationDate":"2026-01-04T12:00:31.6952219Z","violations":[],"violationsByPolicy":[],"violationErrorMessage":"The app uses the following connectors: shared_logicflows, shared_sharepointonline."},"httpActionRestriction":{"appUsesSharepointHttpAction":true,"enforcementStrategy":"Legacy","evaluationTime":"2026-01-04T12:00:31.6950789Z"}}},"isAppComponentLibrary":false,"appType":"ClassicCanvasApp","appComponents":[]}}