{"name":"c249964c-3842-e7f2-654b-b3ce498ed370","id":"/providers/Microsoft.Flow/flows/c249964c-3842-e7f2-654b-b3ce498ed370","type":"Microsoft.Flow/flows","properties":{"apiId":"/providers/Microsoft.PowerApps/apis/shared_logicflows","displayName":"SharePointリスト更新","definition":{"metadata":{"workflowEntityId":"ffa51b81-cd8b-f011-b4cb-000d3a408a61","processAdvisorMetadata":null,"flowChargedByPaygo":null,"flowclientsuspensionreason":"None","flowclientsuspensiontime":null,"flowclientsuspensionreasondetails":null,"creator":{"id":"c831a8b3-094b-4a9f-8eb6-7f9ebdf28392","type":"User","tenantId":"99b882ac-a043-4d2e-9579-dbbef4dff629"},"provisioningMethod":"FromDefinition","failureAlertSubscription":true,"clientLastModifiedTime":"2025-09-07T09:32:19.0721191Z","connectionKeySavedTimeKey":"2025-12-09T08:28:05.2563654Z","creationSource":null,"clientCreatedTime":"2025-10-20T20:20:12.999728Z","migrationSourceId":"/subscriptions/b1a62095-429c-482c-b3d2-65f62e5fedf1/resourceGroups/99b882aca0434d2e9579dbbef4dff629-default99b882aca0434d2e9579dbbef4dff629-env/providers/Microsoft.Logic/workflows/c249964c-3842-e7f2-654b-b3ce498ed370-azshadow"},"$schema":"https://schema.management.azure.com/providers/Microsoft.Logic/schemas/2016-06-01/workflowdefinition.json#","contentVersion":"1.0.0.0","parameters":{"$connections":{"defaultValue":{},"type":"Object"},"$authentication":{"defaultValue":{},"type":"SecureObject"}},"triggers":{"manual":{"metadata":{"operationMetadataId":"1b7491fe-1233-4e74-96e0-e6eeb29768b9"},"type":"Request","kind":"PowerAppV2","inputs":{"schema":{"type":"object","properties":{"text":{"title":"SiteURL","type":"string","x-ms-dynamically-added":true,"description":"入力を指定してください","x-ms-content-hint":"TEXT"},"boolean":{"title":"ListHidden","type":"boolean","x-ms-dynamically-added":true,"description":"[はい] または [いいえ] を選択してください","x-ms-content-hint":"BOOLEAN"},"text_1":{"title":"ListTitle","type":"string","x-ms-dynamically-added":true,"description":"入力を指定してください","x-ms-content-hint":"TEXT"},"text_2":{"title":"ListDescription","type":"string","x-ms-dynamically-added":true,"description":"入力を指定してください","x-ms-content-hint":"TEXT"},"text_4":{"title":"ListURL","type":"string","x-ms-dynamically-added":true,"description":"入力を指定してください","x-ms-content-hint":"TEXT"},"text_3":{"title":"ListId","type":"string","x-ms-dynamically-added":true,"description":"入力を指定してください","x-ms-content-hint":"TEXT"}},"required":["text","boolean","text_1","text_2","text_4","text_3"]}}}},"actions":{"SharePoint_に_HTTP_要求を送信します":{"runAfter":{},"metadata":{"operationMetadataId":"3c898e9e-de75-45f1-bc24-4e71339ef667"},"type":"OpenApiConnection","inputs":{"host":{"apiId":"/providers/Microsoft.PowerApps/apis/shared_sharepointonline","connectionName":"shared_sharepointonline","operationId":"HttpRequest"},"parameters":{"dataset":"@triggerBody()['text']","parameters/method":"POST","parameters/uri":"_api/web/lists(guid'@{triggerBody()['text_3']}')","parameters/headers":{"Accept":"application/json;odata=verbose","Content-Type":"application/json;odata=verbose","IF-MATCH":"*","X-HTTP-Method":"MERGE"},"parameters/body":"{\n\"__metadata\":{\"type\":\"SP.List\"},\n\"Hidden\":\"@{triggerBody()['boolean']}\",\n\"Title\":\"@{triggerBody()['text_1']}\",\n\"Description\":\"@{triggerBody()['text_2']}\"\n}"},"authentication":{"value":"@json(decodeBase64(triggerOutputs().headers['X-MS-APIM-Tokens']))['$ConnectionKey']","type":"Raw"}}},"SharePoint_に_HTTP_要求を送信します_2":{"runAfter":{"SharePoint_に_HTTP_要求を送信します":["Succeeded"]},"metadata":{"operationMetadataId":"95d21499-a371-4fbe-8a7b-828274c2bf72"},"type":"OpenApiConnection","inputs":{"host":{"apiId":"/providers/Microsoft.PowerApps/apis/shared_sharepointonline","connectionName":"shared_sharepointonline","operationId":"HttpRequest"},"parameters":{"dataset":"@triggerBody()['text']","parameters/method":"PUT","parameters/uri":"_api/web/lists(guid'@{triggerBody()['text_3']}')/RootFolder/MoveTo(newurl='@{triggerBody()['text_4']}')","parameters/headers":{"Accept":"application/json;odata=verbose","Content-Type":"application/json;odata=verbose","IF-MATCH":"*","X-HTTP-Method":"MERGE"}},"authentication":{"value":"@json(decodeBase64(triggerOutputs().headers['X-MS-APIM-Tokens']))['$ConnectionKey']","type":"Raw"}}},"PowerApp_または_Flow_に応答する":{"runAfter":{"SharePoint_に_HTTP_要求を送信します_2":["Succeeded"]},"metadata":{"operationMetadataId":"a1a486fb-32d4-4a6b-82f7-58fa375673a0"},"type":"Response","kind":"PowerApp","inputs":{"statusCode":200,"body":{"reslt":"更新完了"},"schema":{"type":"object","properties":{"reslt":{"title":"Reslt","x-ms-dynamically-added":true,"type":"string"}}}}}}},"connectionReferences":{"shared_sharepointonline":{"connectionName":"38dd2b427bbe46b2a6e1f249a57d89bd","source":"Invoker","id":"/providers/Microsoft.PowerApps/apis/shared_sharepointonline","tier":"NotSpecified","apiName":"sharepointonline","isProcessSimpleApiReferenceConversionAlreadyDone":false}},"flowFailureAlertSubscribed":false,"isManaged":false}}