{
  "properties": {
    "connectionReferences": {
      "shared_teams": {
        "runtimeSource": "invoker",
        "connection": {
          "connectionReferenceLogicalName": "new_sharedteams_215ec"
        },
        "api": {
          "name": "shared_teams"
        }
      }
    },
    "definition": {
      "$schema": "https://schema.management.azure.com/providers/Microsoft.Logic/schemas/2016-06-01/workflowdefinition.json#",
      "contentVersion": "1.0.0.0",
      "parameters": {
        "$authentication": {
          "defaultValue": {},
          "type": "SecureObject"
        },
        "$connections": {
          "defaultValue": {},
          "type": "Object"
        }
      },
      "triggers": {
        "manual": {
          "metadata": {
            "operationMetadataId": "45fd3f5b-d5d2-4a10-8e9c-0f0d4533a151"
          },
          "type": "Request",
          "kind": "PowerAppV2",
          "inputs": {
            "schema": {
              "type": "object",
              "properties": {},
              "required": []
            }
          }
        }
      },
      "actions": {
        "関連付けられているチームを一覧表示する": {
          "runAfter": {},
          "metadata": {
            "operationMetadataId": "782f79ab-1667-4000-8a36-98b266c84acf"
          },
          "type": "OpenApiConnection",
          "inputs": {
            "host": {
              "apiId": "/providers/Microsoft.PowerApps/apis/shared_teams",
              "connectionName": "shared_teams",
              "operationId": "GetAllAssociatedTeams"
            },
            "authentication": {
              "value": "@json(decodeBase64(triggerOutputs().headers['X-MS-APIM-Tokens']))['$ConnectionKey']",
              "type": "Raw"
            }
          }
        },
        "変数を初期化する": {
          "runAfter": {
            "関連付けられているチームを一覧表示する": [
              "Succeeded"
            ]
          },
          "metadata": {
            "operationMetadataId": "19618d11-5df1-4e8c-b8cf-e85f8f844ba3"
          },
          "type": "InitializeVariable",
          "inputs": {
            "variables": [
              {
                "name": "data",
                "type": "array"
              }
            ]
          }
        },
        "For_each": {
          "foreach": "@outputs('関連付けられているチームを一覧表示する')?['body/value']",
          "actions": {
            "チームの取得": {
              "metadata": {
                "operationMetadataId": "b511ef99-3bd9-452d-ae1e-99f5a32ff32a"
              },
              "type": "OpenApiConnection",
              "inputs": {
                "parameters": {
                  "teamId": "@items('For_each')?['id']"
                },
                "host": {
                  "apiId": "/providers/Microsoft.PowerApps/apis/shared_teams",
                  "connectionName": "shared_teams",
                  "operationId": "GetTeam"
                },
                "authentication": {
                  "value": "@json(decodeBase64(triggerOutputs().headers['X-MS-APIM-Tokens']))['$ConnectionKey']",
                  "type": "Raw"
                }
              }
            },
            "配列変数に追加": {
              "runAfter": {
                "チームの取得": [
                  "Succeeded"
                ]
              },
              "metadata": {
                "operationMetadataId": "505bc19d-2319-458a-b02b-6466c0fceb51"
              },
              "type": "AppendToArrayVariable",
              "inputs": {
                "name": "data",
                "value": {
                  "id": "@items('For_each')?['id']",
                  "tenantId": "@items('For_each')?['tenantId']",
                  "displayName": "@items('For_each')?['displayName']",
                  "description": "@outputs('チームの取得')?['body/description']",
                  "createdDateTime": "@outputs('チームの取得')['body/createdDateTime']",
                  "webUrl": "@outputs('チームの取得')['body/webUrl']",
                  "visibility": "@outputs('チームの取得')['body/visibility']",
                  "ownersCount": "@outputs('チームの取得')['body/summary/ownersCount']\r\n",
                  "membersCount": "@outputs('チームの取得')['body/summary/membersCount']",
                  "guestsCount": "@outputs('チームの取得')['body/summary/guestsCount']\r\n"
                }
              }
            }
          },
          "runAfter": {
            "変数を初期化する": [
              "Succeeded"
            ]
          },
          "metadata": {
            "operationMetadataId": "2bdcedbf-0b3b-4ec1-8941-ebb2d5362ebe"
          },
          "type": "Foreach"
        },
        "作成": {
          "runAfter": {
            "For_each": [
              "Succeeded"
            ]
          },
          "metadata": {
            "operationMetadataId": "4dc8bc82-bb57-4d87-9acd-c403bbc3bab5"
          },
          "type": "Compose",
          "inputs": "@variables('data')"
        },
        "Power_App_またはフローに応答する": {
          "runAfter": {
            "作成": [
              "Succeeded"
            ]
          },
          "metadata": {
            "operationMetadataId": "0a5a9688-6691-4ce8-aea1-d5113bcd1bea"
          },
          "type": "Response",
          "kind": "PowerApp",
          "inputs": {
            "schema": {
              "type": "object",
              "properties": {
                "result": {
                  "title": "Result",
                  "x-ms-dynamically-added": true,
                  "type": "string"
                }
              },
              "additionalProperties": {}
            },
            "statusCode": 200,
            "body": {
              "result": "@{variables('data')}"
            }
          }
        }
      }
    },
    "templateName": null
  },
  "schemaVersion": "1.0.0.0"
}