{"schemaVersion":"1.0","appDefinitionTemplate":{"id":"/providers/Microsoft.PowerApps/apps/","type":"Microsoft.PowerApps/apps","tags":{"primaryDeviceWidth":"1366","primaryDeviceHeight":"768","supportsPortrait":"true","supportsLandscape":"true","primaryFormFactor":"Tablet","showStatusBar":"false","publisherVersion":"3.25034.15","minimumRequiredApiVersion":"2.2.0","hasComponent":"false","hasUnlockedComponent":"false","isUnifiedRootApp":"false","sienaVersion":"20250408T110320Z-3.25034.15.0"},"properties":{"appVersion":"2025-04-08T11:03:20Z","lifeCycleId":"Published","createdByClientVersion":{"major":3,"minor":25034,"build":15,"revision":0,"majorRevision":0,"minorRevision":0},"minClientVersion":{"major":3,"minor":25034,"build":15,"revision":0,"majorRevision":0,"minorRevision":0},"backgroundColor":"RGBA(0,176,240,1)","backgroundImageUri":"/2214524014546885765/N90d6e68b-55e0-4df9-b30b-f2cb1caf7048-logoSmallFile","displayName":"現在地取得アプリ","description":"","commitMessage":"","appUris":{"documentUri":{"value":"/2214524014546885765/N93406be3-a5d6-4807-99e9-a8059125ae7b-document.msapp"},"imageUris":[],"additionalUris":[{"isSolutionAware":false,"value":"/2214524014546885765/N3c2201ca-ce3e-4549-8118-55cd7645402c-identity.json"}]},"createdTime":"0001-01-01T00:00:00Z","lastModifiedTime":"0001-01-01T00:00:00Z","sharedGroupsCount":0,"sharedUsersCount":0,"connectionReferences":{"b3a68f67-7d51-45a1-8387-8d1f06f6a3d9":{"id":"92b4c163-afd9-43cf-9a46-6e1331fcc348","displayName":"ロジック フロー","iconUri":"https://connectoricons-prod.azureedge.net/releases/v1.0.1725/1.0.1725.4004/logicflows/icon.png","dataSources":["GoogleGeoodingApi"],"dependencies":[],"dependents":[],"parameterHints":{"workflowName":{"value":"24b215e7-cd12-4fbd-adb8-69afe8985d99"},"workflowEntityId":{},"workflowDisplayName":{"value":"GoogleGeoodingApi"}},"parameterHintsV2":{"workflowName":{"value":"24b215e7-cd12-4fbd-adb8-69afe8985d99"},"workflowEntityId":{},"workflowDisplayName":{"value":"GoogleGeoodingApi"}},"isOnPremiseConnection":false,"bypassConsent":false,"dataSets":{},"apiTier":"Standard","isCustomApiConnection":false,"actions":["Run"]}},"databaseReferences":{},"almMode":"Environment","performanceOptimizationEnabled":true,"canConsumeAppPass":false,"enableModernRuntimeMode":false,"executionRestrictions":{"isTeamsOnly":false,"dataLossPreventionEvaluationResult":{"status":"Compliant","lastEvaluationDate":"2025-03-20T04:17:38.7816323Z","violations":[],"violationsByPolicy":[],"violationErrorMessage":"このアプリでは、次のコネクタが使用されます: shared_logicflows。"},"httpActionRestriction":{"appUsesSharepointHttpAction":false,"enforcementStrategy":"Legacy","evaluationTime":"2025-03-20T04:17:38.7815439Z"}}},"isAppComponentLibrary":false,"appType":"ClassicCanvasApp","appComponents":[]}}