{"name":"6d79331c-8df4-3944-f0a3-6bb0a2a09801","id":"/providers/Microsoft.Flow/flows/6d79331c-8df4-3944-f0a3-6bb0a2a09801","type":"Microsoft.Flow/flows","properties":{"apiId":"/providers/Microsoft.PowerApps/apis/shared_logicflows","displayName":"SharePointリスト一覧取得","definition":{"metadata":{"workflowEntityId":"0e197a41-b98b-f011-b4cb-000d3a408a61","processAdvisorMetadata":null,"flowChargedByPaygo":null,"migrationSourceId":"/subscriptions/b1a62095-429c-482c-b3d2-65f62e5fedf1/resourceGroups/99b882aca0434d2e9579dbbef4dff629-default99b882aca0434d2e9579dbbef4dff629-env/providers/Microsoft.Logic/workflows/6d79331c-8df4-3944-f0a3-6bb0a2a09801-azshadow","flowclientsuspensionreason":"None","flowclientsuspensiontime":null,"flowclientsuspensionreasondetails":null,"creator":{"id":"c831a8b3-094b-4a9f-8eb6-7f9ebdf28392","type":"User","tenantId":"99b882ac-a043-4d2e-9579-dbbef4dff629"},"provisioningMethod":"FromDefinition","failureAlertSubscription":true,"clientLastModifiedTime":"2025-12-04T13:56:01.1515901Z","clientCreatedTime":"2025-10-20T20:22:12.3846707Z","connectionKeySavedTimeKey":"2025-12-04T13:56:01.1515901Z","creationSource":null},"$schema":"https://schema.management.azure.com/providers/Microsoft.Logic/schemas/2016-06-01/workflowdefinition.json#","contentVersion":"1.0.0.0","parameters":{"$authentication":{"defaultValue":{},"type":"SecureObject"},"$connections":{"defaultValue":{},"type":"Object"}},"triggers":{"manual":{"metadata":{"operationMetadataId":"c4bb5ecd-b830-433f-9170-0bab50b312c0"},"type":"Request","kind":"PowerAppV2","inputs":{"schema":{"type":"object","properties":{"text":{"title":"SiteURL","type":"string","x-ms-dynamically-added":true,"description":"入力を指定してください","x-ms-content-hint":"TEXT"}},"required":["text"]}}}},"actions":{"SharePoint_に_HTTP_要求を送信します":{"runAfter":{"変数を初期化する":["Succeeded"]},"metadata":{"operationMetadataId":"8cdf9897-5661-46ae-bfe0-18446f80497f"},"type":"OpenApiConnection","inputs":{"parameters":{"dataset":"@triggerBody()['text']","parameters/method":"GET","parameters/uri":"_api/web/Lists?$select=Title,Hidden,Description,Id,BaseType&$expand=RootFolder&$filter=(substringof('thread.skype_wiki',Title) eq false) and (IsCatalog eq false)","parameters/headers":{"Accept":"application/json;odata=nometadata"}},"host":{"apiId":"/providers/Microsoft.PowerApps/apis/shared_sharepointonline","connectionName":"shared_sharepointonline_1","operationId":"HttpRequest"},"authentication":{"value":"@json(decodeBase64(triggerOutputs().headers['X-MS-APIM-Tokens']))['$ConnectionKey']","type":"Raw"}}},"JSON_の解析":{"runAfter":{"SharePoint_に_HTTP_要求を送信します":["Succeeded"]},"metadata":{"operationMetadataId":"07a770b4-4457-4e8f-9335-42fc7841c87f"},"type":"ParseJson","inputs":{"content":"@body('SharePoint_に_HTTP_要求を送信します')","schema":{"type":"object","properties":{"value":{"type":"array","items":{"type":"object","properties":{"RootFolder":{"type":"object","properties":{"Exists":{"type":"boolean"},"IsWOPIEnabled":{"type":"boolean"},"ItemCount":{"type":"integer"},"Name":{"type":"string"},"ProgID":{},"ServerRelativeUrl":{"type":"string"},"TimeCreated":{"type":"string"},"TimeLastModified":{"type":"string"},"UniqueId":{"type":"string"},"WelcomePage":{"type":"string"}}},"BaseType":{"type":"integer"},"Description":{"type":"string"},"Hidden":{"type":"boolean"},"Id":{"type":"string"},"Title":{"type":"string"}},"required":["RootFolder","BaseType","Description","Hidden","Id","Title"]}}}}}},"選択_2":{"runAfter":{"JSON_の解析":["Succeeded"]},"metadata":{"operationMetadataId":"de56d951-6cc7-4bc2-a31f-4954d83f763f"},"type":"Select","inputs":{"from":"@body('JSON_の解析')?['value']","select":{"Title":"@item()?['Title']","Description":"@item()?['Description']","Id":"@item()?['Id']","Hidden":"@item()?['Hidden']","ServerRelativeUrl":"@item()?['RootFolder']?['ServerRelativeUrl']","BaseType":"@item()?['BaseType']"}}},"変数を初期化する":{"runAfter":{},"type":"InitializeVariable","inputs":{"variables":[{"name":"resltData","type":"string"}]}},"文字列変数に追加":{"runAfter":{"選択_2":["Succeeded"]},"type":"AppendToStringVariable","inputs":{"name":"resltData","value":"@body('選択_2')"}},"Power_App_またはフローに応答する":{"runAfter":{"文字列変数に追加":["Succeeded"]},"type":"Response","kind":"PowerApp","inputs":{"schema":{"type":"object","properties":{"reslt":{"title":"reslt","type":"string","x-ms-content-hint":"TEXT","x-ms-dynamically-added":true}},"additionalProperties":{}},"statusCode":200,"body":{"reslt":"@{variables('resltData')}"}}}}},"connectionReferences":{"shared_sharepointonline_1":{"connectionName":"shared-sharepointonl-5a6193f1-99b3-49c8-ab1a-56dd702a3b61","source":"Invoker","id":"/providers/Microsoft.PowerApps/apis/shared_sharepointonline","tier":"NotSpecified","apiName":"sharepointonline","isProcessSimpleApiReferenceConversionAlreadyDone":false}},"flowFailureAlertSubscribed":false,"isManaged":false}}