{"schemaVersion":"1.0","appDefinitionTemplate":{"id":"/providers/Microsoft.PowerApps/apps/","type":"Microsoft.PowerApps/apps","tags":{"primaryDeviceWidth":"4799","primaryDeviceHeight":"2073","supportsPortrait":"true","supportsLandscape":"false","primaryFormFactor":"Phone","showStatusBar":"true","publisherVersion":"3.25081.9","minimumRequiredApiVersion":"2.2.0","hasComponent":"false","hasUnlockedComponent":"false","isUnifiedRootApp":"false","sienaVersion":"20250814T113832Z-3.25081.9.0"},"properties":{"appVersion":"2025-08-14T11:38:32Z","lifeCycleId":"Published","createdByClientVersion":{"major":3,"minor":25081,"build":9,"revision":0,"majorRevision":0,"minorRevision":0},"minClientVersion":{"major":3,"minor":25081,"build":9,"revision":0,"majorRevision":0,"minorRevision":0},"backgroundColor":"RGBA(0,176,240,1)","backgroundImageUri":"/16368547656716844971/N2c0c7de2-126d-4f94-bcc5-baed13d3940a-logoSmallFile","displayName":"リマインドアプリ","description":"","commitMessage":"","appUris":{"documentUri":{"value":"/16368547656716844971/N71c36b2f-33b3-45ce-8d18-38c9254ef648-document.msapp"},"imageUris":[],"additionalUris":[{"isSolutionAware":false,"value":"/16368547656716844971/Ne4c132f9-cc3f-4bf6-992e-ac7452befe8e-identity.json"}]},"createdTime":"0001-01-01T00:00:00Z","lastModifiedTime":"0001-01-01T00:00:00Z","sharedGroupsCount":0,"sharedUsersCount":0,"connectionReferences":{"38d27188-a101-432e-9c37-d340c74b518d":{"id":"61ae5eef-a8b7-45cc-ba3f-757deb54f4d2","displayName":"Office 365 グループ","iconUri":"https://conn-afd-prod-endpoint-bmc9bqahasf3grgk.b01.azurefd.net/1759/1.0.1759.4274/office365groups/icon.png","dataSources":["Office365グループ"],"dependencies":[],"dependents":["709dd2e9-32ee-4991-b6ff-d1c96bc87c6d","7128a3e3-38d8-46d3-ac49-abdda8ab66ce"],"parameterHints":{},"parameterHintsV2":{},"isOnPremiseConnection":false,"bypassConsent":false,"dataSets":{},"apiTier":"Standard","isCustomApiConnection":false},"709dd2e9-32ee-4991-b6ff-d1c96bc87c6d":{"id":"91eb3741-3950-49ef-b84b-50a554636206","displayName":"ロジック フロー","iconUri":"https://conn-afd-prod-endpoint-bmc9bqahasf3grgk.b01.azurefd.net/v1.0.1766/1.0.1766.4330/logicflows/icon.png","dataSources":["Powerapps_リマインド"],"dependencies":["5617b760-bb72-427c-8713-ef8a421cc810","5617b760-bb72-427c-8713-ef8a421cc810","999c737f-1027-4eac-9491-2b3cbecfbcff","38d27188-a101-432e-9c37-d340c74b518d"],"dependents":[],"parameterHints":{"workflowName":{"value":"18073300-ad1e-4a9f-b2ee-be4c5bc49d6e"},"workflowEntityId":{"value":"3e89660d-a478-f011-b4cc-002248651fb0"},"workflowDisplayName":{"value":"Power apps_リマインド"},"5617b760-bb72-427c-8713-ef8a421cc810":{"value":"shared_teams"},"999c737f-1027-4eac-9491-2b3cbecfbcff":{"value":"shared_office365users-1"},"38d27188-a101-432e-9c37-d340c74b518d":{"value":"shared_office365groups-1"}},"parameterHintsV2":{"workflowName":{"value":"18073300-ad1e-4a9f-b2ee-be4c5bc49d6e"},"workflowEntityId":{"value":"3e89660d-a478-f011-b4cc-002248651fb0"},"workflowDisplayName":{"value":"Power apps_リマインド"},"shared_teams-1":{"value":"5617b760-bb72-427c-8713-ef8a421cc810"},"shared_teams":{"value":"5617b760-bb72-427c-8713-ef8a421cc810"},"shared_office365users-1":{"value":"999c737f-1027-4eac-9491-2b3cbecfbcff"},"shared_office365groups-1":{"value":"38d27188-a101-432e-9c37-d340c74b518d"}},"isOnPremiseConnection":false,"bypassConsent":false,"dataSets":{},"apiTier":"Standard","isCustomApiConnection":false,"actions":["Run"],"nestedActions":[{"id":"/providers/Microsoft.PowerApps/apis/shared_teams/apiOperations/PostReplyToMessageV2","flowConnectionRef":"shared_teams-1","apiName":"Microsoft Teams","actionName":"PostReplyToMessageV2","referencedResources":[{"key":"groupId","value":"[DYNAMIC_VALUE]"},{"key":"channelId","value":"@triggerBody()['text_1']"},{"key":"groupId","value":"[DYNAMIC_VALUE]"},{"key":"channelId","value":"@triggerBody()?['text_1']"}]},{"id":"/providers/Microsoft.PowerApps/apis/shared_teams/apiOperations/PostMessageToConversation","flowConnectionRef":"shared_teams-1","apiName":"Microsoft Teams","actionName":"PostMessageToConversation","referencedResources":[{"key":"chatId","value":"@triggerBody()?['text_5']"}]},{"id":"/providers/Microsoft.PowerApps/apis/shared_teams/apiOperations/AtMentionUser","flowConnectionRef":"shared_teams-1","apiName":"Microsoft Teams","actionName":"AtMentionUser","referencedResources":[]},{"id":"/providers/Microsoft.PowerApps/apis/shared_teams/apiOperations/GetMessageDetails","flowConnectionRef":"shared_teams","apiName":"Microsoft Teams","actionName":"GetMessageDetails","referencedResources":[{"key":"chatId","value":"@triggerBody()['text_1']"}]},{"id":"/providers/Microsoft.PowerApps/apis/shared_office365users/apiOperations/UserProfile_V2","flowConnectionRef":"shared_office365users-1","apiName":"Office 365 ユーザー","actionName":"UserProfile_V2","referencedResources":[]},{"id":"/providers/Microsoft.PowerApps/apis/shared_office365groups/apiOperations/HttpRequest","flowConnectionRef":"shared_office365groups-1","apiName":"Office 365 グループ","actionName":"HttpRequest","referencedResources":[]}]},"5617b760-bb72-427c-8713-ef8a421cc810":{"id":"319d99d1-c15f-4632-a54f-c9330db77de1","displayName":"Microsoft Teams","iconUri":"https://conn-afd-prod-endpoint-bmc9bqahasf3grgk.b01.azurefd.net/v1.0.1760/1.0.1760.4275/teams/icon.png","dataSources":["MicrosoftTeams"],"dependencies":[],"dependents":["709dd2e9-32ee-4991-b6ff-d1c96bc87c6d"],"parameterHints":{},"parameterHintsV2":{},"isOnPremiseConnection":false,"bypassConsent":false,"dataSets":{},"apiTier":"Standard","isCustomApiConnection":false,"actions":["GetAllTeams","GetChannelsForGroup","GetMessagesFromChannel"]},"999c737f-1027-4eac-9491-2b3cbecfbcff":{"id":"b75f28de-8180-4c70-984a-94ca28191486","displayName":"Office 365 ユーザー","iconUri":"https://conn-afd-prod-endpoint-bmc9bqahasf3grgk.b01.azurefd.net/v1.0.1751/1.0.1751.4213/office365users/icon.png","dataSources":[],"dependencies":[],"dependents":["709dd2e9-32ee-4991-b6ff-d1c96bc87c6d"],"parameterHints":{},"parameterHintsV2":{},"isOnPremiseConnection":false,"bypassConsent":false,"dataSets":{},"apiTier":"Standard","isCustomApiConnection":false},"24fd2f5f-0f14-4756-8a00-4e2f020a2954":{"id":"568a5687-6fe0-456e-a912-b5c7300d0899","displayName":"Power Automate 管理","iconUri":"https://conn-afd-prod-endpoint-bmc9bqahasf3grgk.b01.azurefd.net/v1.0.1762/1.0.1762.4298/flowmanagement/icon.png","dataSources":["PowerAutomate管理"],"dependencies":[],"dependents":[],"parameterHints":{},"parameterHintsV2":{},"isOnPremiseConnection":false,"bypassConsent":false,"dataSets":{},"apiTier":"Standard","isCustomApiConnection":false,"authenticationType":"firstParty","actions":["CancelFlowRun"]},"7128a3e3-38d8-46d3-ac49-abdda8ab66ce":{"id":"91eb3741-3950-49ef-b84b-50a554636206","displayName":"ロジック フロー","iconUri":"https://conn-afd-prod-endpoint-bmc9bqahasf3grgk.b01.azurefd.net/v1.0.1766/1.0.1766.4330/logicflows/icon.png","dataSources":["メンバーリスト取得"],"dependencies":["38d27188-a101-432e-9c37-d340c74b518d"],"dependents":[],"parameterHints":{"workflowName":{"value":"29c80d2d-6b10-4c81-a089-e8b82abfd971"},"workflowEntityId":{"value":"f5f3ed60-4278-f011-b4cb-6045bd548f97"},"workflowDisplayName":{"value":"メンバーリスト取得"},"38d27188-a101-432e-9c37-d340c74b518d":{"value":"shared_office365groups"}},"parameterHintsV2":{"workflowName":{"value":"29c80d2d-6b10-4c81-a089-e8b82abfd971"},"workflowEntityId":{"value":"f5f3ed60-4278-f011-b4cb-6045bd548f97"},"workflowDisplayName":{"value":"メンバーリスト取得"},"shared_office365groups":{"value":"38d27188-a101-432e-9c37-d340c74b518d"}},"isOnPremiseConnection":false,"bypassConsent":false,"dataSets":{},"apiTier":"Standard","isCustomApiConnection":false,"actions":["Run"],"nestedActions":[{"id":"/providers/Microsoft.PowerApps/apis/shared_office365groups/apiOperations/ListGroupMembers","flowConnectionRef":"shared_office365groups","apiName":"Office 365 グループ","actionName":"ListGroupMembers","referencedResources":[]}]}},"databaseReferences":{},"almMode":"Solution","performanceOptimizationEnabled":true,"canConsumeAppPass":true,"enableModernRuntimeMode":false,"executionRestrictions":{"isTeamsOnly":false,"dataLossPreventionEvaluationResult":{"status":"Compliant","lastEvaluationDate":"2025-08-14T11:38:39.6004966Z","violations":[],"violationsByPolicy":[],"violationErrorMessage":"このアプリでは、次のコネクタが使用されます: shared_office365groups, shared_logicflows, shared_teams, shared_office365users, shared_flowmanagement。"},"httpActionRestriction":{"appUsesSharepointHttpAction":false,"enforcementStrategy":"Legacy","evaluationTime":"2025-08-14T11:38:39.6003278Z"}}},"isAppComponentLibrary":false,"appType":"ClassicCanvasApp","appComponents":[]}}