{"__Version":"0.1","App":"2a40c448-1917-48c9-b806-b7e4ea62a22f","Test_7F478737223C4B69":"2fe14ecd-d1c9-4fa5-a1f6-08129856ecad","Host":"512331c5-c784-4da0-bd3c-871f067080f5","scr_main":"02d1f889-38de-487f-a9d6-42bc81d24424","cnt_main":"3e0ead04-e210-4d48-9dcc-ba89bf7b44d4","cnt_header":"0454dae5-7d36-42bf-b2b1-548a16d95e38","img_header":"87e98b78-0159-4841-a0e5-04b0d195dec7","lbl_header":"2397154d-3660-46be-b128-6c6a83701dbe","MainContainer":"a763154d-92b9-46cb-b1a2-df392f177661","cnt_left":"738b1e4a-f24f-48f7-a239-67cb9d7c1c90","cnt_left_serch":"eb028d5e-f5a6-48e6-8f2e-a158702780f8","cnt_left_serch_top":"88adcb4f-1139-410c-8ff9-e59a0c3466c4","lbl_left_main_header_\u30C1\u30FC\u30E0\u6570":"490ed328-7d63-4bef-a05c-ed7ca2e9d145","cnt_left_serch_box":"29196fd7-daf8-4f2b-b9c1-63c9a7cb0e96","txt_left_serch":"2a9303f9-a545-4358-bdc7-6affeb962dc8","drp_left_serch_visibility":"545c715d-3e1b-4b19-b5b0-f18befaff2e1","Label1":"24d26969-3b63-4a93-9eb5-8ccbf6dc3588","Value1":"f1d644ff-832d-418e-8a91-e3e51eaef2cf","cnt_left_main_outline":"995621e7-88cd-42d7-88be-aaca514d4c05","gal_left_main":"a2d25eb2-5111-4811-a501-9320085faf7c","galleryTemplate3":"57ea2f2c-6af6-4f2a-9205-0d1f0e847c4b","cnt_gal_left_main":"fbfa3a46-3395-44a5-9a9c-552342436958","cnt_gal_left_main1":"193cf21d-a201-4532-ab7c-96206fc4ad78","img_gal_left_visibility":"8c253a51-44aa-48f7-bc5d-56cd358899a6","txt_gal_left_DisplayName":"577a2f77-da3f-4639-b902-850482cd45c7","cnt_gal_left_main2":"87b6e422-a80f-4a01-b1dd-2301a01866a1","cnt_gal_left_main2_Channel":"3b830f73-dfed-468b-b728-efca3b3742b3","TextCanvas2_1":"dd07c04c-7803-47c3-818d-dc64a000b83b","Image1_1":"169994b0-105e-402b-a8fc-2893648f1da5","cnt_gal_left_main2_Owner":"2e022416-e790-46f8-bf56-f28e531a1a18","TextCanvas2_2":"d6cd1a12-ed48-4cea-986e-35f9be16e7b1","Image1_2":"d7f422f2-0929-458d-95df-8a3cccdff9f8","cnt_gal_left_main2_Member\u6570":"be0fcf6b-97bc-4ecd-a03d-937806484f0a","TextCanvas2_3":"9bcc983b-9e30-48fc-b750-cf36f887d6d9","Image1_3":"5758e980-719c-4768-ac32-d10a9c62e83b","cnt_gal_left_main2_btn":"39080804-e9e5-4538-9f4c-97361028d4aa","btn_cnt_left_main2_\u8A73\u7D30\u8868\u793A":"177b13aa-58a5-4dd0-9750-47275e1f7e21","cnt_left_\u7A7A\u767D\u6642":"36a96989-5ed9-4c33-bef2-92158b018fda","img_left_\u7A7A\u767D\u6642":"36d020fe-e488-4673-bb11-b203fccf058e","lbl_left_\u7A7A\u767D\u6642":"ac15a28e-74ab-47bb-8ecf-b4c460fb7625","cnt_right":"88aa9ab1-3aef-4aba-9884-a1c75ce886ee","cnt_right_outline":"9f86396a-4a9f-4370-a19d-126154589d91","cnt_right_header":"e8d98676-0ac0-4ebd-b5eb-1d8a65fd76ab","cnt_right_header_main":"88ae0af5-7d9f-4a7d-8713-6c0be6e57e58","cnt_right_header_main_teamName":"57a0209f-053b-4532-b9be-cc69c1e6d0f3","cnt_right_header_visibility":"62664b92-c568-4945-8453-dc687dbd0f74","txt_right_header_visibility":"8eebf219-3896-48dc-a0e8-58ae3f0ca383","txt_cnt_right_header_teamname":"dd6e7789-bc96-4ff2-b853-59ae66f06b23","TextCanvas4_1":"535b5248-a255-4032-a896-9d39a7d2e782","Container1":"08a3b48e-fef0-4860-833a-bbb64263e034","Container2":"566b34b7-ef89-404e-ab3a-c6f63d901eaa","img_right_header_main_teamid_2":"5eecacca-eb64-4b2f-accc-4a25ba5365e9","txt_right_header_main_teamid_2":"82443cb1-4eb4-4677-8060-054ac3e977e2","cnt_right_header_main_teamid_copybtn_1":"76b42feb-2efb-4c06-8acb-b43cf00b7ef0","btn_right_header_main_teamid_1":"1912664e-bed4-45c7-8ed2-4bc18ab9b62e","img__right_header_main_teamid_copy_2":"4336809a-9101-492a-92f4-6ffd0fa9bc84","Container2_1":"5ac137d5-c452-4cf5-aceb-f99bcbbf3239","img_right_header_main_Created_2":"97a23722-726f-4d90-9b3c-48b85d67a594","txt_right_header_main_Created_2":"a0b26bc6-97f8-42de-aac6-cf2dd3e647e7","cnt_right_header_main_Created_copybtn_1":"ddeb3ee9-bfb8-4e91-b630-5db0a4389d0d","btn_right_header_main_Created_1":"c07c0da9-ea18-458d-85a2-74d95579e271","img__right_header_main_Created_copy_1":"ece65a5e-b2c9-4907-a39a-36af02798a5a","cnt_right_btn":"13afa7c3-32b1-4c84-ba09-961342b1f071","gal_right_btn":"618fbe62-d184-4f04-bcfd-f73521a1c8ac","3c9d5fce-d669-42a7-bac7-da33d305f267":"7daac2a1-a063-4be5-9d24-087587b72327","cnt_gal_right_btn":"8fc0c886-1ccd-41d0-bd99-5a4984b8b818","btn_gal_right":"9c368286-a649-42b4-a401-fea48180a2c9","img_gal_right":"9df6a499-f47d-4f80-b85d-5dd5efde19ce","txt_gal_right":"07f12fd4-c44a-430c-870f-0c6c0809e1b9","cnt_right_Overview":"2e2082c7-7014-4c60-9c54-39b5ce529e62","cnt_right_Overview_header":"32d6c648-402e-46c8-ae27-ce3388d39a9f","txt_right_Overview_header":"a8c76aad-6de9-4f85-9e5b-12f794c1f375","txt_right_Overview_header_visibility":"4d86ad9f-28ff-4026-884b-7c60eea8d68b","cnt_right_Overview_main1":"2f22f962-1c78-49e8-b696-9f60d85adcac","cnt_right_Overview_Channel":"baba339a-b61e-471a-8896-bfb1200b8cef","img_right_Overview_Channel":"1be464ca-feaa-468e-93d5-b612a36f7cd7","cnt_right_Overview_Channel1":"0de86b66-9d73-4646-a3a3-8eb3317f0b51","txt_right_Overview_Channel":"4febafa9-5409-4d79-ba29-202373cc1cfd","txt_right_Overview_Channel2":"684f2a7c-6117-42c7-b207-a41227dddccf","cnt_right_Overview_Member":"6b302e09-f878-40c8-9d12-8db5683fe358","img_right_Overview_Member":"b1f359ba-e2a6-45d6-b31b-e820dd209b5d","cnt_right_Overview_Member1":"b52c9461-a243-4532-a467-3ce497a98692","txt_right_Overview_Member1":"a7818182-e048-4bc4-a13e-974fb2f9f478","txt_right_Overview_Member2":"41bb9a4a-52d4-429b-8f1a-ddaa494f6b70","cnt_right_Overview_Owner":"119d5e4c-71e0-4c9d-abed-7277f6e2ce5e","img_right_Overview_Owner":"381fc7da-8af0-40ff-b0de-d37ddefe0c28","cnt_right_Overview_Owner2":"a0ff067e-e45a-4687-81f8-9f71c224b233","txt_right_Overview_Owner":"af5b803d-50f5-44e3-93a2-1e5e94ba0af9","txt_right_Overview_Owner2":"aca247a9-2ea0-4ef9-b938-38a46f9fbb7d","cnt_right_Overview_ChannelType":"ce205229-2543-45fd-bf3c-28c5a44f296b","txtcnt_right_Overview_ChannelType":"8dd18833-c1b3-4923-92b3-3d493c7add3a","cnt_right_Overview_ChannelType1":"2da4e25d-305d-4136-a006-79884f472c93","cnt_right_Overview_Standard":"e7b9ebf3-8580-46b8-b634-dbc1ab0eaa1a","txt_right_Overview_Standard":"57b2297b-cbbd-4102-b954-aa3ccfed6394","txt_right_Overview_Standard2":"41df2366-36c3-469d-938d-59b44375cac9","cnt_right_Overview_Private":"1e1c4d22-e1be-4588-9901-1017fcb5ca8d","txt_right_Overview_Private":"5e93c7cd-477a-4be3-a887-7cfbaba051f3","txt_right_Overview_Private2":"6cbc00d6-b8e6-4226-b82f-7a1a7c67cfc5","cnt_right_Overview_tag":"ee828afb-e853-4890-925d-db50a36e50d8","txt_right_Overview_tag_title_1":"120d647b-dd5c-402b-a956-638689bdf8ea","gal_right_Overview_tag":"d41d756d-57d3-4986-b870-9ca2f71140b1","b513b4fa-adb5-4a78-8c6e-5286c2589a12":"2581ec83-2a42-48a6-a937-aa40db50bfe9","cnt_right_Overview_tag1":"dc4def9d-fc79-4270-8f24-0bc5db056816","txt_right_Overview_tag":"28f92c76-41ef-487c-a25e-c202732f91f7","cnt_right_Channel":"6d7ac3e3-ad2c-444e-b595-47dddae10e7c","cnt_right_Channel_header_1":"bea97b35-53d8-4fc3-b5db-4aea27b6a02c","txt_right_Channel_title":"4d9abd93-7d43-46f2-9741-0e75c8315a4c","ButtonCanvas3":"aa26ebbd-5c5b-4b23-b935-ea2c19ad7d6e","txt_right_Channel_count":"0ef1539b-9489-4dc8-8a06-9178b5ea82fc","cnt_right_Channel_main":"b82e2b0f-dfb5-4afe-bc8c-34ae2f9ba74c","cnt_right_Channel_main_header":"992c5eaa-98a6-463f-adfc-bdcf09b99a53","txt_right_Channel":"13073b0c-4e3f-498b-a73b-1cd26a9790c5","txt_right_ChannelID":"c2400f95-9b2f-44ad-921f-65594cecbbf4","txt_right_Channel_Type":"6570a1c8-45e9-448d-87d9-167fec45240a","cnt_right_Channel_temp":"f50d81b8-673c-45b1-950f-67189e9d56c7","gal_right_Channel":"b6de021b-8535-43ad-8c34-ba5a9c422caa","2c1d6bee-47fa-4acc-8beb-ced05a9a67c6":"ae284025-6a8c-44ca-b187-c14e72133376","cnt_right_Channel_gal":"8b3634f5-544d-4eda-a121-3475a88cdff0","txt_gal_right_Channel":"856ac7b7-f4e9-44f3-8163-a26f6c513cb0","txt_gal_right_ChannelId":"7750ffc9-1cd8-4aa1-a38f-ae868f386ec1","cnt_gal_right_copy":"ae7dc57c-b594-42b1-8456-dc3849356662","img_gal_right_copy":"9872dc4d-01ea-4698-87ab-e34dbaa703a6","btn_gal_right_copy":"41b5c8a9-2cd2-4f02-a6b1-65af939c6b38","txt_gal_right_visibility":"771b7ed3-2a8d-4ddf-a5b3-c53fc282f0fd","cnt_gal_right_linkBnt":"0e076923-3fd0-4245-8020-1065b169358e","img_gal_right_link":"5faa35cc-9db2-4e6e-91de-cd239a1df2d4","btn_gal_right_link":"cb20a306-b563-4f3e-88e1-4aecdda87983","cnt_right_member":"fc60c95e-2eed-4998-b66c-57d137ea3164","cnt_right_member_header":"fbd86946-5730-4ad8-bf3c-90f32a97586f","txt_right_member_title":"947ca6b0-1bc3-4337-bcf6-6a8f58f8ade2","drp_right_member_role":"c34410c3-167e-4cff-b21f-f38bc16d8092","btn_right_member_getmember":"767ad6d2-8e9c-4160-986f-8460a397de9d","btn_right_member_outoputCsv":"986149df-1282-48f4-aa4f-1fb1ba9c7109","txt_right_member_sub":"5f48581f-efbd-4821-823d-98c965dd3c45","cnt_right_member_main":"e8c98e63-0380-4cf6-b63c-385e6d9ced81","Container11_3":"0dbf5f9a-54f8-4df1-91b5-540834907ad1","TextCanvas7_4":"ca591b8d-5220-4333-b926-52d4593bef27","TextCanvas7_5":"048fe8c8-4323-4fa7-82b9-389eb50be8d1","TextCanvas7_6":"f98ef265-bcd5-4ce3-b8cf-5a809ce73b3d","Container9":"c7eb53fa-860d-4ad5-9d7a-a59d5494dbc8","Gallery3_3":"76747bd1-1294-4e3c-b3b8-2a74e0684ab5","036b1d72-007a-481d-96c4-a7346c08b492":"8258ecff-635e-49d2-adb1-ca9bbb706f97","Container12_4":"358146b1-a3d2-452e-9501-0a22eb0c5218","TextCanvas5_9":"e111052c-0dcc-4ac2-8094-a0ae35a67093","TextCanvas5_10":"4cf5fc1c-59a1-4570-a853-27df42449394","cnt_gal_right_copy_1":"5da4944d-be01-4509-b133-e0c6c2d04993","img_gal_right_copy_1":"a2def60e-a71f-4f9c-bb8d-8fa7db20df0c","btn_gal_right_copy_1":"28117322-6219-4316-aecd-5b7bd2b9aa9d","TextCanvas5_11":"389f2289-d3bf-4564-8077-eb9b6cee7556","Container14_3":"7873a930-b8bb-491a-a90d-c92d0de1ba5c","Image4_2":"00892f79-c681-4f77-b0e6-cc1906c0808d","ButtonCanvas3_3":"0b31b20f-3487-4be4-97ba-e361798be41b","cnt_right_Member_\u7A7A\u767D\u6642":"7e142aa1-1888-493e-b564-812a636995d9","lbl_right_\u7A7A\u767D\u6642_1":"0e9504e1-0321-45f8-b8c5-1013f3f9e79a","cnt_right_\u7A7A\u767D\u6642":"4a828eb8-a1f6-471e-9111-67fc0839708a","img_right_\u7A7A\u767D\u6642":"cc23365e-6c77-4f71-bdce-7a7db65dc5a2","lbl_right_\u7A7A\u767D\u6642":"3d7b19a9-3bc1-455e-936d-3ef07c96728b","cnt_loading":"478e5297-6f30-4fce-9afc-a9bd3ad0f1ca","spi_loading":"c62045a9-5911-452b-8503-70747b368faa","Screen1":"a09402d9-cd56-4593-85c8-1e7b10fc6027"}