{"schemaVersion":"1.0","appDefinitionTemplate":{"id":"/providers/Microsoft.PowerApps/apps/","type":"Microsoft.PowerApps/apps","tags":{"primaryDeviceWidth":"2399","primaryDeviceHeight":"1036","supportsPortrait":"true","supportsLandscape":"true","primaryFormFactor":"Tablet","showStatusBar":"false","publisherVersion":"3.25065.7","minimumRequiredApiVersion":"2.2.0","hasComponent":"false","hasUnlockedComponent":"false","isUnifiedRootApp":"false","sienaVersion":"20250712T124545Z-3.25065.7.0"},"properties":{"appVersion":"2025-07-15T12:02:43Z","lifeCycleId":"Published","createdByClientVersion":{"major":3,"minor":25065,"build":7,"revision":0,"majorRevision":0,"minorRevision":0},"minClientVersion":{"major":3,"minor":25065,"build":7,"revision":0,"majorRevision":0,"minorRevision":0},"backgroundColor":"RGBA(0,176,240,1)","backgroundImageUri":"/7134868827575633193/N95070643-f77c-40e1-8d9e-26787ad455b9-logoSmallFile","displayName":"Teams チームID　チャネルID確認用アプリ","commitMessage":"","appUris":{"documentUri":{"value":"/7134868827575633193/N4355e2e2-b546-41bd-8aa2-4f65b39527ef-document.msapp"},"imageUris":[],"additionalUris":[{"isSolutionAware":false,"value":"/7134868827575633193/N99bb6ab4-02f0-4d46-99a1-b05d95817ce4-identity.json"}]},"createdTime":"0001-01-01T00:00:00Z","lastModifiedTime":"0001-01-01T00:00:00Z","sharedGroupsCount":0,"sharedUsersCount":0,"connectionReferences":{"43de16be-5792-4cf4-a9d6-f57f6d8834a8":{"id":"319d99d1-c15f-4632-a54f-c9330db77de1","displayName":"Microsoft Teams","iconUri":"https://conn-afd-prod-endpoint-bmc9bqahasf3grgk.b01.azurefd.net/v1.0.1757/1.0.1757.4256/teams/icon.png","dataSources":["MicrosoftTeams"],"dependencies":[],"dependents":[],"parameterHints":{},"parameterHintsV2":{},"isOnPremiseConnection":false,"bypassConsent":false,"dataSets":{},"apiTier":"Standard","isCustomApiConnection":false,"actions":["GetAllTeams","GetChannelsForGroup"]}},"databaseReferences":{},"almMode":"Environment","performanceOptimizationEnabled":true,"canConsumeAppPass":true,"enableModernRuntimeMode":false,"executionRestrictions":{"isTeamsOnly":false,"dataLossPreventionEvaluationResult":{"status":"Compliant","lastEvaluationDate":"2025-07-12T12:33:28.837274Z","violations":[],"violationsByPolicy":[],"violationErrorMessage":"このアプリでは、次のコネクタが使用されます: shared_teams。"}}},"isAppComponentLibrary":false,"appType":"ClassicCanvasApp","appComponents":[]}}